Label,Average Distance-to-Default (ADD),Portfolio Distance-to-Default (PDD),PDD-ADD (Spread),KBE ETF
8/16/2010,2.49,2.786,0.296,22.83
8/17/2010,2.5617,2.876,0.3143,22.85
8/18/2010,2.5904,2.8919,0.3015,22.93
8/19/2010,2.4926,2.8023,0.3097,22.37
8/20/2010,2.5112,2.6954,0.1843,22.29
8/23/2010,2.5446,2.8165,0.2719,22.14
8/24/2010,2.4299,2.654,0.2241,21.67
8/25/2010,2.4206,2.5389,0.1183,21.56
8/26/2010,2.397,2.5268,0.1299,21.45
8/27/2010,2.4784,2.6722,0.1938,21.91
8/30/2010,2.427,2.6256,0.1987,21.39
8/31/2010,2.4082,2.6718,0.2636,21.6
9/1/2010,2.5605,2.8114,0.2508,22.47
9/2/2010,2.5917,2.8466,0.255,22.73
9/3/2010,2.6554,2.9918,0.3364,23.13
9/7/2010,2.6072,2.8422,0.235,22.49
9/8/2010,2.6179,2.9983,0.3804,22.79
9/9/2010,2.677,3.116,0.439,23.16
9/10/2010,2.6828,3.1161,0.4333,23.17
9/13/2010,2.7311,3.2166,0.4855,23.83
9/14/2010,2.7447,3.1786,0.4339,23.56
9/15/2010,2.7534,3.1681,0.4148,23.56
9/16/2010,2.7629,3.1732,0.4103,23.42
9/17/2010,2.766,3.1952,0.4292,23.23
9/20/2010,2.8752,3.1962,0.321,23.76
9/21/2010,2.7879,3.2178,0.43,23.45
9/22/2010,2.7134,3.0901,0.3767,23.04
9/23/2010,2.645,2.8976,0.2526,22.63
9/24/2010,2.7289,3.0415,0.3126,23.27
9/27/2010,2.6814,3.0174,0.3359,22.91
9/28/2010,2.6747,2.9808,0.3061,22.99
9/29/2010,2.6567,3.0403,0.3836,22.88
9/30/2010,2.6803,3.0491,0.3688,22.95
10/1/2010,2.7216,3.1588,0.4372,23.17
10/4/2010,2.6973,3.0922,0.3949,23.09
10/5/2010,2.7679,3.2179,0.4499,23.77
10/6/2010,2.7725,3.2571,0.4845,23.68
10/7/2010,2.7712,3.2601,0.4889,23.58
10/8/2010,2.7873,3.3166,0.5292,23.53
10/11/2010,2.7822,3.2328,0.4506,23.52
10/12/2010,2.821,3.2313,0.4104,23.83
10/13/2010,2.8485,3.3206,0.4721,23.66
10/14/2010,2.6922,3.0261,0.3339,23.04
10/15/2010,2.6747,2.9198,0.2451,22.46
10/18/2010,2.8279,3.0937,0.2658,22.97
10/19/2010,2.7708,3.0699,0.2991,22.89
10/20/2010,2.763,3.0871,0.3241,22.72
10/21/2010,2.8726,3.1709,0.2983,22.765
10/22/2010,2.9773,3.2368,0.2596,22.81
10/25/2010,2.9266,3.2729,0.3463,22.595
10/26/2010,2.8799,3.2373,0.3574,22.63
10/27/2010,2.8762,3.2251,0.3489,22.67
10/28/2010,2.8871,3.2354,0.3482,22.61
10/29/2010,2.8874,3.209,0.3216,22.59
11/1/2010,2.8289,3.1959,0.367,22.48
11/2/2010,2.8581,3.1877,0.3297,22.43
11/3/2010,2.9217,3.2805,0.3588,22.85
11/4/2010,3.027,3.3549,0.3279,23.62
11/5/2010,3.1623,3.4456,0.2833,24.19
11/8/2010,3.0951,3.2783,0.1832,24.05
11/9/2010,3.0556,3.2806,0.225,23.63
11/10/2010,3.0678,3.2368,0.169,24.0175
11/11/2010,2.9951,3.2664,0.2712,23.875
11/12/2010,2.8325,3.0594,0.2269,23.35
11/15/2010,2.9926,3.1777,0.1851,23.5
11/16/2010,2.751,3.0551,0.3042,23.11
11/17/2010,2.7474,3.0801,0.3327,22.72
11/18/2010,2.8027,3.2094,0.4066,22.88
11/19/2010,2.8616,3.191,0.3294,22.88
11/22/2010,2.861,3.2372,0.3762,22.49
11/23/2010,2.7727,3.0754,0.3028,22.1
11/24/2010,2.8291,3.0956,0.2665,22.35
11/26/2010,2.7804,3.2069,0.4265,22.15
11/29/2010,2.7631,3.1688,0.4056,22.41
11/30/2010,2.7197,3.188,0.4682,22.26
12/1/2010,2.807,3.2116,0.4046,22.76
12/2/2010,2.9673,3.215,0.2478,23.65
12/3/2010,3.0256,3.384,0.3584,23.89
12/6/2010,3.0152,3.5001,0.4849,23.78
12/7/2010,3.0449,3.4948,0.4499,23.79
12/8/2010,3.0778,3.4164,0.3386,24.44
12/9/2010,3.1421,3.5452,0.4031,25.05
12/10/2010,3.1695,3.4983,0.3288,25.31
12/13/2010,3.1301,3.5071,0.377,25.2
12/14/2010,3.0927,3.4371,0.3444,24.81
12/15/2010,3.0606,3.3496,0.289,24.54
12/16/2010,3.0951,3.3826,0.2876,24.59
12/17/2010,3.3629,3.5134,0.1504,24.88
12/20/2010,3.4373,3.5931,0.1558,25
12/21/2010,3.4987,3.8374,0.3387,25.49
12/22/2010,3.4622,3.6496,0.1874,26.0671
12/23/2010,3.3972,3.6128,0.2156,25.7
12/27/2010,3.3204,3.5713,0.251,25.97
12/28/2010,3.331,3.5033,0.1724,26.1
12/29/2010,3.3466,3.5585,0.2119,26.01
12/30/2010,3.3305,3.5305,0.1999,25.93
12/31/2010,3.3096,3.493,0.1834,25.91
1/3/2011,3.3351,3.4733,0.1382,26.5
1/4/2011,3.3259,3.4493,0.1234,26.4225
1/5/2011,3.3599,3.5205,0.1607,26.81
1/6/2011,3.3224,3.5302,0.2078,26.48
1/7/2011,3.2781,3.5427,0.2647,26.23
1/10/2011,3.2403,3.5336,0.2933,26.19
1/11/2011,3.2785,3.7178,0.4393,26.32
1/12/2011,3.3547,3.6618,0.3071,26.7225
1/13/2011,3.3353,3.6779,0.3425,26.55
1/14/2011,3.4165,3.6151,0.1986,27.14
1/18/2011,3.406,3.7156,0.3096,26.89
1/19/2011,3.3703,3.6675,0.2972,26.22
1/20/2011,3.4005,3.7714,0.371,26.18
1/21/2011,3.4898,3.8679,0.3781,26.61
1/24/2011,3.552,3.7411,0.1891,26.34
1/25/2011,3.5464,3.5839,0.0375,26.3075
1/26/2011,3.6083,3.5359,-0.0724,26.16
1/27/2011,3.6534,3.9172,0.2637,26.46
1/28/2011,3.5463,3.7685,0.2222,26.04
1/31/2011,3.5617,3.6386,0.0769,26.32
2/1/2011,3.6531,3.646,-0.007,26.96
2/2/2011,3.6552,3.7911,0.1359,26.8075
2/3/2011,3.6338,3.7851,0.1513,26.8975
2/4/2011,3.6372,3.8716,0.2344,26.905
2/7/2011,3.6859,3.959,0.273,27.285
2/8/2011,3.7221,4.1013,0.3791,27.4975
2/9/2011,3.661,4.0061,0.3451,27.19
2/10/2011,3.6473,3.939,0.2917,27.08
2/11/2011,3.7068,4.0474,0.3406,27.6175
2/14/2011,3.7142,4.0624,0.3482,27.62
2/15/2011,3.7317,3.9876,0.2559,27.52
2/16/2011,3.7701,4.0776,0.3075,27.62
2/17/2011,3.7484,4.064,0.3155,27.38
2/18/2011,3.7825,3.8782,0.0957,27.415
2/22/2011,3.4464,3.7346,0.2882,26.47
2/23/2011,3.4087,3.5735,0.1649,26.42
2/24/2011,3.3764,3.5219,0.1455,26.245
2/25/2011,3.475,3.6574,0.1824,26.63
2/28/2011,3.524,3.5608,0.0368,26.5
3/1/2011,3.4448,3.5388,0.094,25.92
3/2/2011,3.4396,3.6034,0.1638,25.87
3/3/2011,3.5433,3.7567,0.2134,26.375
3/4/2011,3.4531,3.7068,0.2537,25.98
3/7/2011,3.413,3.675,0.2619,25.78
3/8/2011,3.5409,3.7247,0.1838,26.48
3/9/2011,3.5407,3.7451,0.2044,26.49
3/10/2011,3.4289,3.5807,0.1518,25.88
3/11/2011,3.4712,3.6774,0.2062,26.12
3/14/2011,3.396,3.6493,0.2532,25.9
3/15/2011,3.3444,3.5681,0.2238,25.69
3/16/2011,3.1935,3.3977,0.2042,25.3
3/17/2011,3.2958,3.4506,0.1547,25.65
3/18/2011,3.4159,3.5819,0.166,25.81
3/21/2011,3.5809,3.7482,0.1674,25.815
3/22/2011,3.6003,3.6615,0.0612,25.68
3/23/2011,3.6195,3.7149,0.0954,25.52
3/24/2011,3.6788,3.7422,0.0634,25.6
3/25/2011,3.7518,3.8029,0.0511,25.71
3/28/2011,3.7252,3.7952,0.07,25.63
3/29/2011,3.7597,3.8132,0.0535,25.69
3/30/2011,3.8406,4.0081,0.1676,25.9
3/31/2011,3.8414,3.9697,0.1283,25.82
4/1/2011,3.9007,4.0531,0.1524,26.04
4/4/2011,3.8905,4.1618,0.2713,26.03
4/5/2011,3.9538,4.1996,0.2458,26.03
4/6/2011,4.008,4.1856,0.1776,26.43
4/7/2011,3.9652,4.2087,0.2435,26.3
4/8/2011,3.946,4.1346,0.1886,26.08
4/11/2011,3.9918,4.1078,0.116,26.025
4/12/2011,3.9805,4.0736,0.093,25.99
4/13/2011,3.9952,4.0589,0.0637,25.7
4/14/2011,3.9761,3.9525,-0.0237,25.46
4/15/2011,4.0547,4.0039,-0.0508,25.4
4/18/2011,4.0172,3.9208,-0.0965,25.1
4/19/2011,3.9397,4.0046,0.0649,25.11
4/20/2011,4.0364,4.1336,0.0972,24.99
4/21/2011,4.1574,4.1474,-0.0101,25.09
4/25/2011,4.1384,4.1697,0.0313,25.1
4/26/2011,4.1096,4.1449,0.0354,25.3
4/27/2011,4.1869,4.346,0.1592,25.56
4/28/2011,4.1852,4.4268,0.2416,25.68
4/29/2011,4.197,4.4632,0.2662,25.61
5/2/2011,4.143,4.5099,0.3669,25.54
5/3/2011,4.0872,4.3639,0.2766,25.75
5/4/2011,4.0315,4.2885,0.257,25.55
5/5/2011,3.9335,4.3762,0.4426,25.19
5/6/2011,3.9646,4.3446,0.38,25.21
5/9/2011,3.9742,4.4641,0.4899,25.16
5/10/2011,4.0616,4.382,0.3204,25.38
5/11/2011,4.0104,4.3175,0.3071,25.15
5/12/2011,3.979,4.2677,0.2887,25.08
5/13/2011,3.8986,4.2784,0.3798,24.63
5/16/2011,3.8726,4.1382,0.2656,24.669
5/17/2011,3.9353,4.184,0.2487,25.07
5/18/2011,4.0493,4.2771,0.2277,25.14
5/19/2011,4.0907,4.1782,0.0875,25.16
5/20/2011,4.1675,4.3145,0.147,24.75
5/23/2011,4.0561,4.2759,0.2198,24.38
5/24/2011,4.0299,4.0068,-0.0231,24.35
5/25/2011,4.0891,4.1987,0.1096,24.335
5/26/2011,4.1296,4.2725,0.1429,24.42
5/27/2011,4.2042,4.1369,-0.0673,24.77
5/31/2011,4.2437,4.0366,-0.2071,24.95
6/1/2011,3.9616,4.0476,0.0861,23.93
6/2/2011,3.9638,4.1688,0.205,23.97
6/3/2011,3.9071,4.3475,0.4404,23.75
6/6/2011,3.7383,3.9046,0.1663,23.26
6/7/2011,3.8221,3.9616,0.1395,23.235
6/8/2011,3.7223,3.8308,0.1085,23.1
6/9/2011,3.8384,3.9688,0.1304,23.38
6/10/2011,3.7363,3.7757,0.0393,23.28
6/13/2011,3.7533,3.874,0.1207,23.52
6/14/2011,3.8412,3.8785,0.0373,23.65
6/15/2011,3.6277,3.7843,0.1567,23.27
6/16/2011,3.4886,3.6058,0.1172,23.37
6/17/2011,3.5514,3.4159,-0.1355,23.56
6/20/2011,3.5856,3.5797,-0.0059,23.43
6/21/2011,3.6801,3.6747,-0.0054,23.69
6/22/2011,3.6827,3.7824,0.0998,23.48
6/23/2011,3.5444,3.6224,0.078,23.24
6/24/2011,3.5199,3.6686,0.1487,22.99
6/27/2011,3.55,3.6426,0.0926,23.32
6/28/2011,3.5616,3.8855,0.3239,23.36
6/29/2011,3.7338,3.9973,0.2635,23.94
6/30/2011,3.8423,4.0784,0.2361,23.99
7/1/2011,3.8743,4.3591,0.4849,24.44
7/5/2011,3.8019,4.4196,0.6178,24.17
7/6/2011,3.7407,4.2747,0.534,24
7/7/2011,3.8948,4.4282,0.5334,24.4
7/8/2011,3.7725,4.484,0.7115,24.03
7/11/2011,3.5562,4.3311,0.7748,23.34
7/12/2011,3.5168,4.0319,0.515,23.285
7/13/2011,3.4897,4.0254,0.5357,23.35
7/14/2011,3.4465,3.8542,0.4077,23.08
7/15/2011,3.4438,3.8851,0.4413,23.07
7/18/2011,3.3355,4.0983,0.7628,22.7
7/19/2011,3.538,4.0412,0.5032,22.99
7/20/2011,3.6393,4.0784,0.4392,23.29
7/21/2011,3.7301,4.1669,0.4368,23.85
7/22/2011,3.7343,4.1782,0.4439,23.77
7/25/2011,3.6572,4.2076,0.5504,23.65
7/26/2011,3.5823,3.9294,0.3471,23.58
7/27/2011,3.4037,3.7677,0.364,23.02
7/28/2011,3.3803,3.8027,0.4225,23
7/29/2011,3.3151,3.6507,0.3356,22.88
8/1/2011,3.3525,3.6501,0.2976,22.84
8/2/2011,3.2632,3.7232,0.46,22.09
8/3/2011,3.2502,3.7433,0.4931,22.24
8/4/2011,2.8599,3.2078,0.3479,21.09
8/5/2011,2.5252,2.8144,0.2891,20.62
8/8/2011,1.8817,2.1573,0.2756,18.45
8/9/2011,2.0688,2.7477,0.6789,19.7001
8/10/2011,1.8518,2.1249,0.2731,18.1
8/11/2011,1.9743,2.174,0.1997,19.14
8/12/2011,1.9854,2.2323,0.2469,18.8
8/15/2011,2.201,2.5324,0.3314,19.53
8/16/2011,2.2073,2.5136,0.3063,19.15
8/17/2011,2.3449,2.6213,0.2763,19.28
8/18/2011,1.9347,2.2807,0.3459,18.22
8/19/2011,1.878,2.1896,0.3116,17.68
8/22/2011,1.8604,2.0104,0.1499,17.48
8/23/2011,2.0111,2.1791,0.168,18.15
8/24/2011,2.1248,2.2764,0.1516,18.77
8/25/2011,2.025,2.2838,0.2588,18.77
8/26/2011,2.113,2.3071,0.1941,18.99
8/29/2011,2.3375,2.4341,0.0967,19.83
8/30/2011,2.3591,2.6073,0.2482,19.69
8/31/2011,2.3941,2.7129,0.3188,19.9
9/1/2011,2.319,2.5591,0.2401,19.33
9/2/2011,2.1525,2.3053,0.1528,18.44
9/6/2011,2.0111,2.3287,0.3176,18.15
9/7/2011,2.1809,2.472,0.2911,19.19
9/8/2011,2.1533,2.3747,0.2214,18.7
9/9/2011,1.9186,2.1709,0.2523,18.07
9/12/2011,1.8977,2.0859,0.1882,18.38
9/13/2011,2.0279,2.2029,0.175,18.59
9/14/2011,2.14,2.2744,0.1344,18.92
9/15/2011,2.2228,2.4192,0.1963,19.37
9/16/2011,2.2119,2.3519,0.14,19.21
9/19/2011,2.1522,2.2358,0.0835,18.67
9/20/2011,2.1903,2.237,0.0467,18.62
9/21/2011,2.0136,2.2594,0.2458,17.57
9/22/2011,1.7832,1.946,0.1628,17.09
9/23/2011,1.7927,1.9385,0.1458,17.38
9/26/2011,1.902,2.032,0.13,18.29
9/27/2011,2.0018,2.1637,0.1619,18.29
9/28/2011,1.9058,2.0095,0.1037,17.65
9/29/2011,1.895,2.029,0.134,18.25
9/30/2011,1.8125,1.9013,0.0889,17.54
10/3/2011,1.5854,1.7372,0.1518,16.73
10/4/2011,1.5952,1.68,0.0849,17.47
10/5/2011,1.7914,1.9049,0.1135,17.67
10/6/2011,1.8762,1.9741,0.0979,18.46
10/7/2011,1.8791,1.9871,0.108,17.7
10/10/2011,1.9306,1.9797,0.0491,18.61
10/11/2011,1.9901,2.0884,0.0983,18.75
10/12/2011,2.1479,2.2037,0.0558,19.34
10/13/2011,2.047,2.0524,0.0054,18.78
10/14/2011,2.1304,2.1762,0.0458,18.91
10/17/2011,2.0259,2.0917,0.0658,18.17
10/18/2011,2.1574,2.1678,0.0104,19.25
10/19/2011,2.0299,2.1497,0.1198,18.7
10/20/2011,2.0623,2.3147,0.2525,19.03
10/21/2011,2.1497,2.1757,0.026,19.36
10/24/2011,2.3314,2.3557,0.0243,19.79
10/25/2011,2.2561,2.2664,0.0104,19.13
10/26/2011,2.3141,2.3401,0.0261,19.5
10/27/2011,2.6263,2.6147,-0.0116,20.49
10/28/2011,2.6761,2.628,-0.0481,20.4
10/31/2011,2.5235,2.566,0.0425,19.76
11/1/2011,2.184,2.3039,0.1199,18.78
11/2/2011,2.2463,2.3201,0.0739,19.41
11/3/2011,2.3336,2.3522,0.0186,19.84
11/4/2011,2.2838,2.3837,0.1,19.57
11/7/2011,2.3417,2.4066,0.0649,19.78
11/8/2011,2.4578,2.4912,0.0334,20.25
11/9/2011,2.1306,2.2724,0.1418,19.07
11/10/2011,2.1774,2.2676,0.0902,19.26
11/11/2011,2.2712,2.3489,0.0777,19.69
11/14/2011,2.2164,2.3252,0.1089,19.18
11/15/2011,2.2623,2.3266,0.0643,19.28
11/16/2011,2.2013,2.3332,0.1319,19.05
11/17/2011,2.072,2.2452,0.1731,18.78
11/18/2011,2.1881,2.2563,0.0682,18.86
11/21/2011,2.0953,2.1656,0.0703,18.32
11/22/2011,2.1206,2.2322,0.1116,18.13
11/23/2011,2.0369,2.1392,0.1023,17.56
11/25/2011,1.9954,2.1433,0.1479,17.63
11/28/2011,2.0644,2.1721,0.1077,18.09
11/29/2011,2.1258,2.1593,0.0335,18.02
11/30/2011,2.2972,2.5243,0.2271,19.21
12/1/2011,2.3286,2.3739,0.0453,19.06
12/2/2011,2.4015,2.4878,0.0862,19.31
12/5/2011,2.4398,2.4638,0.024,19.71
12/6/2011,2.4615,2.4793,0.0177,19.52
12/7/2011,2.4498,2.5048,0.055,19.69
12/8/2011,2.3418,2.3889,0.0471,19.01
12/9/2011,2.4517,2.4731,0.0215,19.48
12/12/2011,2.4178,2.4159,-0.0019,19.14
12/13/2011,2.3973,2.4297,0.0324,18.82
12/14/2011,2.4124,2.41,-0.0024,18.73
12/15/2011,2.4894,2.4638,-0.0256,18.87
12/16/2011,2.6106,2.5139,-0.0967,18.88
12/19/2011,2.5672,2.5077,-0.0595,18.43
12/20/2011,2.6732,2.6497,-0.0236,19.16
12/21/2011,2.74,2.6866,-0.0534,19.4
12/22/2011,2.8066,2.7803,-0.0262,19.94
12/23/2011,2.8661,2.8685,0.0024,19.97
12/27/2011,2.8198,2.6755,-0.1443,19.95
12/28/2011,2.7748,2.7445,-0.0302,19.66
12/29/2011,2.7821,2.753,-0.0291,19.96
12/30/2011,2.7721,2.7789,0.0069,19.83
1/3/2012,2.8825,2.7651,-0.1174,20.29
1/4/2012,2.8909,2.8531,-0.0378,20.41
1/5/2012,2.9176,2.8405,-0.0771,20.8
1/6/2012,2.9744,2.9267,-0.0478,20.79
1/9/2012,3.0059,2.9564,-0.0496,21.12
1/10/2012,3.0958,3.0773,-0.0185,21.39
1/11/2012,3.1113,3.0861,-0.0252,21.56
1/12/2012,3.1534,3.101,-0.0524,21.61
1/13/2012,3.1062,3.0377,-0.0685,21.56
1/17/2012,3.0895,3.1369,0.0474,21.37
1/18/2012,3.1534,3.0776,-0.0758,21.54
1/19/2012,3.1945,3.1983,0.0038,21.5
1/20/2012,3.3168,3.2655,-0.0512,21.72
1/23/2012,3.4016,3.4715,0.0699,21.73
1/24/2012,3.3942,3.2172,-0.177,21.59
1/25/2012,3.4168,3.2544,-0.1624,21.71
1/26/2012,3.3031,3.1565,-0.1467,21.19
1/27/2012,3.3661,3.2729,-0.0932,21.27
1/30/2012,3.3283,3.3376,0.0092,21.11
1/31/2012,3.3167,3.2496,-0.0671,21.11
2/1/2012,3.4277,3.2967,-0.1309,21.42
2/2/2012,3.4697,3.375,-0.0947,21.51
2/3/2012,3.5518,3.4264,-0.1253,22.17
2/6/2012,3.5239,3.5093,-0.0146,22.01
2/7/2012,3.5441,3.5109,-0.0332,22.05
2/8/2012,3.5432,3.5523,0.0092,22.22
2/9/2012,3.5402,3.5235,-0.0166,22.18
2/10/2012,3.3597,3.4495,0.0897,21.9
2/13/2012,3.4519,3.5106,0.0587,22.07
2/14/2012,3.4111,3.5709,0.1599,21.92
2/15/2012,3.3761,2.9217,-0.4544,21.9
2/16/2012,3.4385,3.3885,-0.05,22.33
2/17/2012,3.548,3.5121,-0.0358,22.45
2/21/2012,3.4978,3.4827,-0.0151,22.39
2/22/2012,3.4389,3.4108,-0.028,21.91
2/23/2012,3.5,3.4941,-0.0059,22.16
2/24/2012,3.5396,3.6114,0.0718,22.07
2/27/2012,3.5557,3.5501,-0.0055,22.33
2/28/2012,3.572,3.5522,-0.0198,22.36
2/29/2012,3.6157,3.6428,0.0271,22.28
3/1/2012,3.6001,3.6288,0.0287,22.44
3/2/2012,3.6106,3.6603,0.0496,22.29
3/5/2012,3.5392,3.5929,0.0538,22.11
3/6/2012,3.364,3.4366,0.0726,21.56
3/7/2012,3.4875,3.536,0.0485,21.9
3/8/2012,3.5671,3.58,0.013,22.18
3/9/2012,3.672,3.7029,0.0309,22.47
3/12/2012,3.6969,3.7238,0.0269,22.42
3/13/2012,3.7479,3.9882,0.2404,23.31
3/14/2012,3.7414,4.063,0.3216,23.58
3/15/2012,3.7284,4.0555,0.3272,24.18
3/16/2012,3.8169,4.127,0.3101,24.24
3/19/2012,3.8488,4.146,0.2973,24.44
3/20/2012,3.779,4.0181,0.2391,24.4
3/21/2012,3.8039,4.0397,0.2358,24.25
3/22/2012,3.7169,3.9428,0.2258,23.84
3/23/2012,3.7883,4.0236,0.2353,23.95
3/26/2012,3.8397,4.0758,0.2362,24.27
3/27/2012,3.7945,4.022,0.2276,23.97
3/28/2012,3.7801,4.0117,0.2316,24.18
3/29/2012,3.7209,3.9718,0.2509,23.93
3/30/2012,3.7492,4.0185,0.2693,23.85
4/2/2012,3.8018,4.0278,0.226,24.02
4/3/2012,3.7448,4.0583,0.3135,24.1
4/4/2012,3.6916,3.9763,0.2848,23.72
4/5/2012,3.6365,3.9323,0.2959,23.55
4/9/2012,3.5366,3.8545,0.3179,23.11
4/10/2012,3.3625,3.6744,0.3119,22.62
4/11/2012,3.3991,3.7851,0.386,23.06
4/12/2012,3.4709,3.8485,0.3776,23.455
4/13/2012,3.2953,3.6567,0.3613,22.73
4/16/2012,3.3497,3.708,0.3583,22.94
4/17/2012,3.5,3.8059,0.3059,23.37
4/18/2012,3.4893,3.7915,0.3023,23.13
4/19/2012,3.4774,3.7779,0.3005,22.99
4/20/2012,3.5455,3.8092,0.2637,22.98
4/23/2012,3.5269,3.7403,0.2134,22.84
4/24/2012,3.6266,3.6906,0.064,23.06
4/25/2012,3.713,3.8105,0.0975,23.34
4/26/2012,3.7908,3.9149,0.1241,23.53
4/27/2012,3.8205,3.8916,0.0711,23.58
4/30/2012,3.7713,3.8563,0.0849,23.25
5/1/2012,3.817,3.9078,0.0908,23.46
5/2/2012,3.775,3.8888,0.1139,23.35
5/3/2012,3.7348,3.8565,0.1217,23.21
5/4/2012,3.6559,3.8177,0.1618,22.84
5/7/2012,3.6515,3.8652,0.2137,23.06
5/8/2012,3.6208,3.8492,0.2284,22.96
5/9/2012,3.4818,3.6779,0.196,22.67
5/10/2012,3.5596,3.7436,0.184,22.87
5/11/2012,3.5288,3.733,0.2042,22.75
5/14/2012,3.3971,3.5874,0.1904,22.28
5/15/2012,3.3363,3.5322,0.1959,22.03
5/16/2012,3.2393,3.444,0.2048,21.8
5/17/2012,3.1432,3.3368,0.1936,21.45
5/18/2012,3.024,3.2336,0.2096,21.22
5/21/2012,3.1941,3.3819,0.1878,21.42
5/22/2012,3.2231,3.4001,0.177,21.64
5/23/2012,3.144,3.3828,0.2388,21.8
5/24/2012,3.1801,3.3864,0.2063,21.87
5/25/2012,3.1947,3.3798,0.1851,21.8
5/29/2012,3.2703,3.3821,0.1118,22.06
5/30/2012,3.1605,3.3128,0.1523,21.52
5/31/2012,3.1675,3.3065,0.1389,21.7
6/1/2012,2.8476,3.0039,0.1563,20.63
6/4/2012,2.7736,2.9915,0.218,20.25
6/5/2012,2.872,3.0155,0.1435,20.38
6/6/2012,2.941,3.1053,0.1644,20.85
6/7/2012,3.0382,3.2843,0.2461,20.99
6/8/2012,3.0466,3.2186,0.1719,21.27
6/11/2012,2.9946,3.1821,0.1875,20.78
6/12/2012,2.9855,3.1956,0.21,21.07
6/13/2012,2.9245,3.2018,0.2773,20.96
6/14/2012,2.9843,3.2055,0.2211,21.25
6/15/2012,3.0137,3.2536,0.2399,21.46
6/18/2012,3.19,3.4211,0.2311,21.36
6/19/2012,3.3627,3.5927,0.23,21.75
6/20/2012,3.3364,3.6885,0.3521,21.81
6/21/2012,3.2079,3.5881,0.3802,21.3
6/22/2012,3.3336,3.6135,0.2799,21.59
6/25/2012,3.1676,3.5164,0.3489,21.1
6/26/2012,3.163,3.4534,0.2904,21.22
6/27/2012,3.2105,3.5289,0.3184,21.52
6/28/2012,3.1587,3.5066,0.3479,21.56
6/29/2012,3.3777,3.6739,0.2962,22.04
7/2/2012,3.4366,3.7142,0.2777,22.19
7/3/2012,3.5693,3.8384,0.2691,22.32
7/5/2012,3.5,3.8231,0.323,22.1
7/6/2012,3.4759,3.7299,0.254,21.97
7/9/2012,3.3988,3.6497,0.2509,21.74
7/10/2012,3.349,3.6491,0.3,21.55
7/11/2012,3.4421,3.6892,0.2471,21.74
7/12/2012,3.4169,3.6932,0.2763,21.54
7/13/2012,3.515,3.9338,0.4189,22.12
7/16/2012,3.4797,3.9086,0.4289,22.07
7/17/2012,3.5312,3.9524,0.4212,22.33
7/18/2012,3.6086,4.172,0.5634,22.14
7/19/2012,3.6118,4.0069,0.3952,21.87
7/20/2012,3.5805,3.8876,0.3071,21.44
7/23/2012,3.4835,3.7394,0.256,21.12
7/24/2012,3.4662,3.7464,0.2802,21.19
7/25/2012,3.423,3.6746,0.2516,21.28
7/26/2012,3.4892,3.7617,0.2725,21.51
7/27/2012,3.5994,3.8438,0.2443,21.82
7/30/2012,3.5335,3.8259,0.2924,21.77
7/31/2012,3.5446,3.8247,0.2801,21.72
8/1/2012,3.5803,3.8181,0.2377,21.63
8/2/2012,3.5626,3.872,0.3094,21.4
8/3/2012,3.6948,4.0604,0.3656,21.98
8/6/2012,3.7389,4.0656,0.3268,21.98
8/7/2012,3.7469,4.2404,0.4936,22.21
8/8/2012,3.7957,4.1607,0.365,22.28
8/9/2012,3.8472,4.2114,0.3642,22.24
8/10/2012,3.8724,4.1854,0.313,22.19
8/13/2012,3.8696,4.2392,0.3696,22.21
8/14/2012,3.9018,4.1956,0.2938,22.22
8/15/2012,3.9398,4.2537,0.3139,22.33
8/16/2012,3.9131,4.2724,0.3593,22.45
8/17/2012,3.9814,4.3192,0.3378,22.6
8/20/2012,3.9735,4.3887,0.4152,22.61
8/21/2012,4.0052,4.4019,0.3967,22.63
8/22/2012,4.0117,4.3837,0.372,22.54
8/23/2012,3.9077,4.2226,0.3149,22.27
8/24/2012,3.9915,4.2708,0.2793,22.37
8/27/2012,4.0368,4.2979,0.2611,22.49
8/28/2012,3.903,4.1407,0.2376,22.51
8/29/2012,3.9511,4.1858,0.2347,22.72
8/30/2012,3.9066,4.1971,0.2905,22.58
8/31/2012,3.8679,4.0567,0.1888,22.59
9/4/2012,3.8513,4.0756,0.2243,22.74
9/5/2012,3.9005,4.1302,0.2297,22.7
9/6/2012,3.9976,4.3789,0.3813,23.25
9/7/2012,4.2058,4.4549,0.2492,23.51
9/10/2012,4.194,4.4606,0.2666,23.38
9/11/2012,4.1621,4.4308,0.2687,23.53
9/12/2012,4.1838,4.5702,0.3865,23.71
9/13/2012,4.3009,4.7963,0.4954,24.19
9/14/2012,4.1648,4.7992,0.6344,24.63
9/17/2012,4.0013,4.8804,0.8791,24.2
9/18/2012,4.1273,4.792,0.6647,24.06
9/19/2012,4.1467,4.9103,0.7636,24.13
9/20/2012,3.9774,4.7186,0.7412,23.94
9/21/2012,4.0919,4.751,0.6591,23.77
9/24/2012,4.0543,4.79,0.7357,23.88
9/25/2012,3.9764,4.6508,0.6744,23.53
9/26/2012,3.9441,4.4955,0.5514,23.39
9/27/2012,3.9434,4.6086,0.6652,23.59
9/28/2012,3.9767,4.5773,0.6006,23.48
10/1/2012,3.9042,4.6366,0.7324,23.51
10/2/2012,3.9914,4.5319,0.5405,23.6
10/3/2012,4.0488,4.7591,0.7104,23.92
10/4/2012,4.0483,4.7838,0.7355,24.33
10/5/2012,4.0557,4.8174,0.7617,24.36
10/8/2012,4.0494,4.9571,0.9077,24.27
10/9/2012,3.9941,4.8921,0.898,24.04
10/10/2012,3.9634,4.8776,0.9142,24.08
10/11/2012,3.9811,4.9434,0.9624,24.24
10/12/2012,3.8864,4.8303,0.944,23.65
10/15/2012,3.8456,4.6274,0.7818,23.74
10/16/2012,3.9639,5.0986,1.1346,23.5
10/17/2012,4.0618,5.1803,1.1185,23.85
10/18/2012,4.0122,5.0891,1.077,23.8597
10/19/2012,3.9891,5.0284,1.0393,23.7
10/22/2012,3.9907,4.8874,0.8967,23.78
10/23/2012,3.9203,4.5137,0.5934,23.5
10/24/2012,3.9066,4.5452,0.6386,23.49
10/25/2012,3.9218,4.5073,0.5855,23.68
10/26/2012,3.9891,4.479,0.49,23.52
10/31/2012,3.9673,4.6188,0.6515,23.65
11/1/2012,4.0523,4.8773,0.825,23.91
11/2/2012,4.1266,4.6738,0.5472,23.68
11/5/2012,3.919,4.3377,0.4187,23.62
11/6/2012,4.0273,4.6463,0.619,23.95
11/7/2012,3.8463,4.3734,0.5271,23.09
11/8/2012,3.8002,4.4691,0.669,22.8884
11/9/2012,3.8283,4.4599,0.6316,22.91
11/12/2012,3.8709,4.3989,0.528,22.91
11/13/2012,3.8178,4.4273,0.6095,22.67
11/14/2012,3.7554,4.3056,0.5502,22.29
11/15/2012,3.6817,4.3292,0.6475,22.33
11/16/2012,3.7719,4.3435,0.5716,22.5
11/19/2012,3.9381,4.5628,0.6248,22.9
11/20/2012,3.9312,4.6322,0.7009,23.07
11/21/2012,4.0355,4.7384,0.7029,23.02
11/23/2012,4.1602,4.8319,0.6717,23.45
11/26/2012,4.1203,4.7787,0.6583,23.35
11/27/2012,3.9875,4.7227,0.7352,23.16
11/28/2012,3.9867,4.5114,0.5247,23.2
11/29/2012,4.0504,4.946,0.8956,23.26
11/30/2012,4.0172,4.7687,0.7515,23.27
12/3/2012,3.9543,4.6548,0.7005,23.17
12/4/2012,3.959,4.5893,0.6303,22.98
12/5/2012,3.9745,4.7884,0.8139,23.19
12/6/2012,3.995,4.7505,0.7555,23.21
12/7/2012,4.037,4.7687,0.7317,23.36
12/10/2012,4.0485,4.8771,0.8286,23.4003
12/11/2012,4.0943,4.9136,0.8193,23.49
12/12/2012,4.107,4.8983,0.7913,23.56
12/13/2012,4.0672,4.9274,0.8603,23.42
12/14/2012,4.074,4.5164,0.4424,23.29
12/17/2012,4.1103,4.9237,0.8134,23.85
12/18/2012,4.1365,4.8966,0.7602,24.259
12/19/2012,4.0974,5.0291,0.9318,24.1799
12/20/2012,4.0719,4.8649,0.793,24.4
12/21/2012,3.9975,4.6968,0.6994,23.93
12/24/2012,4.0021,4.7721,0.7699,23.83
12/26/2012,4.0302,4.6356,0.6054,23.76
12/27/2012,3.9455,4.5067,0.5612,23.67
12/28/2012,3.8406,4.4071,0.5665,23.56
12/31/2012,3.8703,4.497,0.6267,23.83
1/2/2013,4.1069,4.8042,0.6973,24.57
1/3/2013,4.1837,4.8173,0.6335,24.64
1/4/2013,4.353,5.1121,0.7591,25.03
1/7/2013,4.2345,5.1081,0.8737,24.97
1/8/2013,4.1862,5.2805,1.0943,24.85
1/9/2013,4.1391,5.0233,0.8843,24.73
1/10/2013,4.2262,5.1302,0.904,24.97
1/11/2013,4.1962,5.0203,0.824,24.76
1/14/2013,4.1968,5.0933,0.8965,24.8
1/15/2013,4.2145,5.0669,0.8524,24.93
1/16/2013,4.2903,5.0152,0.725,25
1/17/2013,4.3828,5.2151,0.8323,25.2
1/18/2013,4.4142,5.2494,0.8352,25.12
1/22/2013,4.5885,5.1843,0.5958,25.34
1/23/2013,4.6211,5.4491,0.828,25.21
1/24/2013,4.6497,4.9901,0.3404,25.3
1/25/2013,4.6947,5.2565,0.5618,25.34
1/28/2013,4.6413,5.1897,0.5484,25.33
1/29/2013,4.6787,4.9956,0.3169,25.38
1/30/2013,4.7218,5.2362,0.5144,25.49
1/31/2013,4.7154,5.3399,0.6245,25.48
2/1/2013,4.7797,5.213,0.4333,25.85
2/4/2013,4.687,5.0909,0.4039,25.6
2/5/2013,4.7648,5.4504,0.6856,25.94
2/6/2013,4.7091,5.1291,0.42,26.01
2/7/2013,4.7811,5.2789,0.4978,26.02
2/8/2013,4.8164,5.4049,0.5884,26.09
2/11/2013,4.8298,5.501,0.6712,26.18
2/12/2013,4.8682,5.6346,0.7664,26.39
2/13/2013,4.8358,5.5016,0.6659,26.38
2/14/2013,4.8846,5.2978,0.4132,26.31
2/15/2013,4.8922,5.5935,0.7013,26.22
2/19/2013,4.8764,5.5589,0.6825,26.42
2/20/2013,4.7088,5.3462,0.6374,26.06
2/21/2013,4.6586,5.2385,0.5799,25.75
2/22/2013,4.7443,5.4765,0.7322,26.04
2/25/2013,4.4941,5.226,0.7318,25.41
2/26/2013,4.5066,5.1757,0.6691,25.57
2/27/2013,4.5478,5.4433,0.8955,25.91
2/28/2013,4.6813,5.4519,0.7705,26
3/1/2013,4.5907,5.5603,0.9696,26
3/4/2013,4.6409,5.3696,0.7287,26.23
3/5/2013,4.7644,5.7643,0.9999,26.35
3/6/2013,4.7647,5.6671,0.9024,26.46
3/7/2013,4.8141,5.6013,0.7872,26.75
3/8/2013,4.8801,5.9683,1.0881,26.85
3/11/2013,4.9387,5.8038,0.865,27.06
3/12/2013,4.9698,6.0241,1.0543,26.91
3/13/2013,4.9495,5.9376,0.9881,27.04
3/14/2013,4.969,5.8826,0.9136,27.23
3/15/2013,5.0401,6.0275,0.9874,27.17
3/18/2013,4.9699,5.7924,0.8225,26.92
3/19/2013,4.9008,5.9447,1.0439,26.9
3/20/2013,4.9753,6.3788,1.4034,27.12
3/21/2013,4.8313,5.82,0.9886,26.88
3/22/2013,4.9146,6.0001,1.0855,26.93
3/25/2013,4.8408,6.0739,1.2331,26.91
3/26/2013,4.9425,5.9707,1.0281,27.05
3/27/2013,4.9778,5.8468,0.8691,26.98
3/28/2013,4.988,5.895,0.9069,26.93
4/1/2013,4.8358,5.8063,0.9705,26.65
4/2/2013,4.8073,5.8102,1.0029,26.5
4/3/2013,4.6773,5.6251,0.9477,26.11
4/4/2013,4.6964,5.3838,0.6874,26.24
4/5/2013,4.663,5.4445,0.7815,26.24
4/8/2013,4.6787,5.5637,0.885,26.46
4/9/2013,4.7524,5.657,0.9046,26.58
4/10/2013,4.7948,5.7504,0.9556,27
4/11/2013,4.7655,5.7997,1.0342,26.95
4/12/2013,4.639,5.6098,0.9708,26.62
4/15/2013,4.3016,5.1596,0.858,25.93
4/16/2013,4.5163,5.5839,1.0676,26.22
4/17/2013,4.2937,5.1372,0.8435,25.71
4/18/2013,4.3032,5.1374,0.8341,25.46
4/19/2013,4.4771,5.3968,0.9197,25.78
4/22/2013,4.5816,5.5284,0.9468,25.77
4/23/2013,4.8633,5.388,0.5247,26.09
4/24/2013,4.9285,5.535,0.6065,26.41
4/25/2013,4.9983,5.5092,0.5108,26.47
4/26/2013,5.0101,5.573,0.5628,26.3
4/29/2013,5.0056,5.5454,0.5398,26.42
4/30/2013,5.013,5.5211,0.508,26.4
5/1/2013,4.9272,5.4471,0.5199,26.07
5/2/2013,5.0073,5.5161,0.5088,26.32
5/3/2013,5.1216,5.6104,0.4888,26.55
5/6/2013,5.0991,5.7283,0.6293,26.87
5/7/2013,5.1546,5.7594,0.6048,27.21
5/8/2013,5.2122,5.8009,0.5887,27.3
5/9/2013,5.1765,5.6543,0.4777,27.18
5/10/2013,5.1714,5.6695,0.4981,27.34
5/13/2013,5.1014,5.6848,0.5834,27.38
5/14/2013,5.102,5.7343,0.6323,27.8
5/15/2013,5.0808,5.6779,0.5972,28
5/16/2013,5.0709,5.7,0.6291,27.93
5/17/2013,5.0708,5.8204,0.7496,28.32
5/20/2013,5.0802,5.9054,0.8252,28.46
5/21/2013,5.0556,5.7872,0.7316,28.44
5/22/2013,4.9084,5.61,0.7016,28.02
5/23/2013,4.8362,5.4787,0.6425,27.96
5/24/2013,4.9211,5.643,0.722,28.04
5/28/2013,4.9735,5.533,0.5596,28.37
5/29/2013,4.9896,5.5571,0.5674,28.33
5/30/2013,4.9415,5.6436,0.7021,28.72
5/31/2013,4.9228,5.5564,0.6336,28.34
6/3/2013,4.8041,5.3027,0.4986,28.24
6/4/2013,4.8102,5.3965,0.5863,28
6/5/2013,4.7032,5.1662,0.4631,27.59
6/6/2013,4.74,5.2135,0.4735,27.9
6/7/2013,4.7655,5.3276,0.5621,28.29
6/10/2013,4.8304,5.4023,0.5719,28.53
6/11/2013,4.7173,5.2594,0.5421,28.15
6/12/2013,4.6636,5.1232,0.4596,27.82
6/13/2013,4.7213,5.258,0.5367,28.23
6/14/2013,4.6778,5.2125,0.5347,27.87
6/17/2013,4.7124,5.2399,0.5275,28.02
6/18/2013,4.6755,5.2901,0.6146,28.25
6/19/2013,4.7703,5.4255,0.6552,28.06
6/20/2013,4.4553,4.985,0.5297,27.91
6/21/2013,4.4524,5.1588,0.7064,27.98
6/24/2013,4.3974,4.9554,0.558,27.61
6/25/2013,4.5421,5.1128,0.5707,28.22
6/26/2013,4.5718,5.2341,0.6622,28.38
6/27/2013,4.641,5.292,0.651,28.84
6/28/2013,4.5959,5.2568,0.661,28.72
7/1/2013,4.6087,5.3096,0.7009,29.1
7/2/2013,4.6318,5.3103,0.6785,29.26
7/3/2013,4.7281,5.1194,0.3913,29.33
7/5/2013,4.8757,5.5419,0.6662,30.1
7/8/2013,4.7819,5.5322,0.7503,30.21
7/9/2013,4.7809,5.5792,0.7984,30.3
7/10/2013,4.7471,5.5303,0.7831,29.99
7/11/2013,4.6192,5.3817,0.7625,29.72
7/12/2013,4.8115,5.5061,0.6946,30.07
7/15/2013,4.8102,5.5361,0.7259,30.28
7/16/2013,4.7232,5.4651,0.7419,29.95
7/17/2013,4.7657,5.5624,0.7967,30.17
7/18/2013,4.8186,5.6928,0.8741,30.8
7/19/2013,4.8372,5.6942,0.8571,30.89
7/22/2013,5.0015,5.7775,0.776,31.2
7/23/2013,5.0867,5.7481,0.6613,31.48
7/24/2013,5.1752,5.7235,0.5483,31.6
7/25/2013,4.981,5.5914,0.6104,31.47
7/26/2013,5.0292,5.5644,0.5353,31.34
7/29/2013,4.9386,5.5195,0.5808,31.08
7/30/2013,4.89,5.6653,0.7752,31.2
7/31/2013,4.9873,5.6299,0.6426,31.24
8/1/2013,5.0768,5.7342,0.6573,31.98
8/2/2013,4.9858,5.7269,0.7411,31.96
8/5/2013,5.0962,5.7857,0.6895,31.9
8/6/2013,5.0227,5.6041,0.5814,31.55
8/7/2013,4.909,5.5167,0.6077,31.31
8/8/2013,5.0238,5.5461,0.5223,31.42
8/9/2013,4.8552,5.5478,0.6926,31.3
8/12/2013,4.8664,5.5146,0.6482,31.26
8/13/2013,4.8939,5.573,0.6792,31.26
8/14/2013,4.9277,5.5873,0.6597,31.26
8/15/2013,4.8257,5.4025,0.5768,30.93
8/16/2013,4.7688,5.5206,0.7518,31.05
8/19/2013,4.6057,5.4405,0.8348,30.69
8/20/2013,4.8182,5.5881,0.7699,31.12
8/21/2013,4.7425,5.5282,0.7857,30.89
8/22/2013,4.8572,5.6258,0.7686,31.38
8/23/2013,4.7826,5.5537,0.7711,31.21
8/26/2013,4.7196,5.4615,0.7418,30.98
8/27/2013,4.3409,4.8983,0.5575,29.94
8/28/2013,4.4676,5.0003,0.5327,30.1
8/29/2013,4.4172,4.9861,0.569,30.24
8/30/2013,4.3787,4.8592,0.4804,29.89
9/3/2013,4.2995,4.8451,0.5457,29.87
9/4/2013,4.4279,4.8993,0.4713,30.07
9/5/2013,4.4382,5.1094,0.6713,30.31
9/6/2013,4.482,5.072,0.59,30.16
9/9/2013,4.3843,5.094,0.7096,30.29
9/10/2013,4.4986,5.1178,0.6192,30.57
9/11/2013,4.4963,5.2162,0.7198,30.45
9/12/2013,4.4635,5.1637,0.7002,30.24
9/13/2013,4.5578,5.0717,0.5139,30.29
9/16/2013,4.5577,5.2204,0.6627,30.49
9/17/2013,4.6153,5.4853,0.87,30.84
9/18/2013,4.5448,5.4315,0.8867,30.72
9/19/2013,4.5886,5.4453,0.8566,30.19
9/20/2013,4.5794,5.3698,0.7903,30.12
9/23/2013,4.5966,5.3705,0.774,29.78
9/24/2013,4.5917,5.4862,0.8945,29.85
9/25/2013,4.6639,5.5053,0.8413,30.08
9/26/2013,4.6038,5.525,0.9212,29.99
9/27/2013,4.6756,5.4725,0.7969,29.99
9/30/2013,4.576,5.3492,0.7732,30.03
10/1/2013,4.5544,5.4826,0.9283,30.37
10/2/2013,4.5179,5.4209,0.903,30.16
10/3/2013,4.4794,5.3549,0.8755,30.03
10/4/2013,4.4801,5.4634,0.9832,30.35
10/7/2013,4.36,5.1279,0.7679,29.84
10/8/2013,4.2688,4.8551,0.5864,29.54
10/9/2013,4.2979,4.8169,0.5191,29.62
10/10/2013,4.4631,5.1209,0.6578,30.41
10/11/2013,4.5483,5.4033,0.8549,30.79
10/14/2013,4.5331,5.3963,0.8632,30.94
10/15/2013,4.4677,5.2418,0.7741,30.65
10/16/2013,4.6252,5.5526,0.9274,31.251
10/17/2013,4.8277,5.7208,0.8931,31.43
10/18/2013,4.9194,6.0899,1.1705,31.56
10/21/2013,4.8927,5.9988,1.106,31.59
10/22/2013,4.9799,5.8636,0.8838,31.52
10/23/2013,5.0296,5.8416,0.812,31.42
10/24/2013,5.0896,5.9249,0.8352,31.44
10/25/2013,5.0854,5.9858,0.9004,31.5
10/28/2013,5.108,5.9823,0.8743,31.61
10/29/2013,5.1508,6.0137,0.8629,31.61
10/30/2013,5.0464,6.0298,0.9835,31.51
10/31/2013,5.0257,6.0123,0.9866,31.23
11/1/2013,5.0032,5.988,0.9848,31.18
11/4/2013,4.9685,5.9988,1.0303,31.21
11/5/2013,4.8816,5.9873,1.1057,31.17
11/6/2013,4.9303,6.0383,1.108,31.3
11/7/2013,4.9156,5.9052,0.9896,30.88
11/8/2013,4.9953,6.0175,1.0222,31.88
11/11/2013,4.9191,6.0162,1.097,31.77
11/12/2013,4.8427,5.9631,1.1204,31.42
11/13/2013,4.8477,5.9865,1.1388,31.68
11/14/2013,4.8485,6.0859,1.2374,31.88
11/15/2013,4.9428,6.1661,1.2232,31.839
11/18/2013,4.8875,6.0574,1.1699,31.75
11/19/2013,4.9091,5.9816,1.0725,31.73
11/20/2013,4.9036,6.0421,1.1385,31.76
11/21/2013,4.9496,6.2086,1.259,32.26
11/22/2013,5.0651,6.1984,1.1333,32.52
11/25/2013,4.9531,6.2442,1.2911,32.56
11/26/2013,5.0388,6.2676,1.2288,32.64
11/27/2013,5.0485,6.1027,1.0542,32.72
11/29/2013,5.0328,6.0076,0.9748,32.64
12/2/2013,4.8704,5.9739,1.1035,32.49
12/3/2013,4.7742,5.8206,1.0465,32.09
12/4/2013,4.8613,5.7471,0.8857,32.29
12/5/2013,4.839,5.7359,0.8968,32.2
12/6/2013,4.9894,5.8495,0.8601,32.65
12/9/2013,4.9205,6.0636,1.1431,32.66
12/10/2013,4.797,6.0036,1.2066,32.47
12/11/2013,4.8532,5.8422,0.989,31.97
12/12/2013,4.8808,5.621,0.7402,32.25
12/13/2013,4.8279,5.7401,0.9121,32.12
12/16/2013,4.8971,5.7418,0.8447,32.43
12/17/2013,4.8457,5.7192,0.8735,32.24
12/18/2013,4.7978,6.0935,1.2956,32.75
12/19/2013,4.8926,6.1846,1.292,32.56
12/20/2013,4.9948,6.1378,1.143,32.79
12/23/2013,4.9781,6.5078,1.5297,33.12
12/24/2013,5.0101,6.2795,1.2694,33.18
12/26/2013,4.9903,6.2906,1.3003,33.15
12/27/2013,4.9247,6.3273,1.4026,33.15
12/30/2013,4.9867,6.2453,1.2585,33.08
12/31/2013,4.9786,6.3044,1.3257,33.17
1/2/2014,4.8757,6.1646,1.2889,32.81
1/3/2014,4.8798,6.2338,1.354,32.85
1/6/2014,4.8743,6.3167,1.4424,32.84
1/7/2014,5.0003,6.42,1.4197,33.05
1/8/2014,5.0388,6.3841,1.3453,33.34
1/9/2014,5.023,6.4771,1.4542,33.58
1/10/2014,5.1176,6.4618,1.3442,33.5
1/13/2014,4.9441,6.2857,1.3416,33.11
1/14/2014,5.1073,6.4129,1.3056,33.24
1/15/2014,5.0908,6.613,1.5222,33.52
1/16/2014,5.1032,6.4865,1.3832,33.31
1/17/2014,5.1704,6.6476,1.4772,33.31
1/21/2014,5.1133,6.6165,1.5032,33.83
1/22/2014,5.2404,6.5752,1.3348,34.03
1/23/2014,5.1909,6.3356,1.1447,33.59
1/24/2014,4.9729,5.7331,0.7601,32.78
1/27/2014,4.9629,5.6197,0.6568,32.44
1/28/2014,4.9486,5.7348,0.7861,32.57
1/29/2014,4.9574,5.5805,0.6231,32.11
1/30/2014,4.9582,5.7064,0.7482,32.44
1/31/2014,4.8807,5.5036,0.6229,31.91
2/3/2014,4.358,4.9627,0.6047,30.78
2/4/2014,4.5897,5.1608,0.5711,31.26
2/5/2014,4.545,5.1137,0.5687,31.26
2/6/2014,4.6691,5.3247,0.6556,31.61
2/7/2014,4.7621,5.6321,0.87,31.81
2/10/2014,4.7911,5.6851,0.8941,31.87
2/11/2014,4.8416,5.8671,1.0256,32.18
2/12/2014,4.8516,5.8798,1.0282,32.22
2/13/2014,4.8654,5.9246,1.0592,32.31
2/14/2014,4.8712,6.0982,1.2269,32.47
2/18/2014,4.8008,6.0796,1.2788,32.55
2/19/2014,4.6536,5.8832,1.2296,31.75
2/20/2014,4.8051,5.8808,1.0757,31.84
2/21/2014,4.7248,5.9892,1.2644,32.03
2/24/2014,4.837,6.2135,1.3765,32.51
2/25/2014,4.7165,6.0396,1.3231,32.31
2/26/2014,4.7985,6.0293,1.2308,32.61
2/27/2014,4.8955,6.0941,1.1987,32.77
2/28/2014,4.9188,6.2425,1.3237,33
3/3/2014,4.7149,5.9317,1.2168,32.7
3/4/2014,4.9191,6.2416,1.3224,33.35
3/5/2014,4.9326,6.2443,1.3116,33.41
3/6/2014,5.0301,6.3298,1.2998,33.65
3/7/2014,5.0374,6.3723,1.3349,33.92
3/10/2014,5.0091,6.3103,1.3011,33.92
3/11/2014,4.9841,6.2968,1.3127,33.67
3/12/2014,4.9123,6.0954,1.183,33.62
3/13/2014,4.8571,5.9588,1.1017,33.42
3/14/2014,4.7165,5.7671,1.0507,33.35
3/17/2014,4.804,5.9635,1.1595,33.56
3/18/2014,4.9509,6.1431,1.1922,33.81
3/19/2014,5.0123,6.3793,1.3671,34.02
3/20/2014,5.0348,6.114,1.0792,34.67
3/21/2014,5.1062,6.3347,1.2285,34.46
3/24/2014,4.9284,6.2576,1.3292,34.26
3/25/2014,5.0972,6.3472,1.2501,34.22
3/26/2014,5.0731,6.1978,1.1247,33.84
3/27/2014,4.869,5.8921,1.023,33.31
3/28/2014,4.9344,6.0288,1.0944,33.49
3/31/2014,5.1454,6.2843,1.139,34.04
4/1/2014,5.1069,6.4128,1.3059,34.5
4/2/2014,5.1416,6.35,1.2085,34.43
4/3/2014,5.1303,6.3224,1.1921,34.49
4/4/2014,5.1191,6.0941,0.975,33.87
4/7/2014,4.8505,5.8538,1.0032,33.44
4/8/2014,4.8486,5.9367,1.0881,33.48
4/9/2014,4.902,6.0848,1.1828,33.51
4/10/2014,4.6235,5.6009,0.9774,32.53
4/11/2014,4.6604,5.5478,0.8874,32.24
4/14/2014,4.6238,5.4733,0.8496,32.36
4/15/2014,4.7506,5.7092,0.9587,32.56
4/16/2014,4.8977,5.8947,0.9969,32.76
4/17/2014,4.958,6.135,1.177,32.78
4/21/2014,4.827,6.484,1.6569,32.75
4/22/2014,5.0933,5.988,0.8947,32.97
4/23/2014,5.1126,6.032,0.9195,33.1
4/24/2014,5.0678,5.958,0.8902,32.62
4/25/2014,5.051,5.9064,0.8555,32.2
4/28/2014,4.951,5.8073,0.8563,31.9
4/29/2014,4.9658,5.8797,0.9139,31.89
4/30/2014,5.0139,6.0993,1.0855,32.06
5/1/2014,4.9768,6.0397,1.063,31.94
5/2/2014,5.1107,6.1605,1.0498,32.08
5/5/2014,5.0228,5.9585,0.9357,31.83
5/6/2014,4.954,5.8643,0.9103,31.36
5/7/2014,5.07,5.8648,0.7948,31.66
5/8/2014,5.0851,5.9791,0.894,31.66
5/9/2014,5.1168,6.0733,0.9565,31.72
5/12/2014,5.1766,6.3609,1.1843,32.22
5/13/2014,5.1212,6.2984,1.1773,31.99
5/14/2014,4.99,6.1321,1.1421,31.4
5/15/2014,5.0785,5.9013,0.8228,31.13
5/16/2014,4.9928,6.0642,1.0714,31.03
5/19/2014,5.1157,6.2755,1.1598,31.47
5/20/2014,5.1285,6.3322,1.2038,31.26
5/21/2014,5.14,6.439,1.2989,31.47
5/22/2014,5.1739,6.5396,1.3657,31.63
5/23/2014,5.2921,6.6657,1.3736,31.76
5/27/2014,5.1568,6.5341,1.3772,31.98
5/28/2014,5.235,6.4704,1.2354,31.85
5/29/2014,5.1889,6.4347,1.2459,31.9
5/30/2014,5.244,6.4492,1.2052,31.93
6/2/2014,5.1768,6.3902,1.2133,32.22
6/3/2014,5.2113,6.4366,1.2253,32.36
6/4/2014,5.2599,6.5112,1.2513,32.43
6/5/2014,5.2928,6.6813,1.3885,32.86
6/6/2014,5.4273,6.589,1.1617,33.17
6/9/2014,5.3696,6.8224,1.4528,33.65
6/10/2014,5.4038,6.7286,1.3248,33.56
6/11/2014,5.2302,6.7915,1.5612,33.28
6/12/2014,5.246,6.3631,1.1172,33.11
6/13/2014,5.2528,6.5191,1.2663,33.07
6/16/2014,5.1298,6.3691,1.2392,32.87
6/17/2014,5.2188,6.606,1.3872,33.43
6/18/2014,5.2896,7.052,1.7625,33.57
6/19/2014,5.2472,6.3415,1.0943,33.43
6/20/2014,5.3611,6.8117,1.4506,33.42
6/23/2014,5.2813,6.883,1.6017,33.39
6/24/2014,5.238,6.6436,1.4056,33.12
6/25/2014,5.2231,6.659,1.4358,33.31
6/26/2014,5.3544,6.7489,1.3946,33.3
6/27/2014,5.2778,6.8635,1.5857,33.36
6/30/2014,5.2533,6.7605,1.5072,33.42
7/1/2014,5.2548,6.957,1.7022,33.71
7/2/2014,5.345,6.78,1.435,33.47
7/3/2014,5.4854,7.0637,1.5783,33.87
7/7/2014,5.3795,6.9224,1.5429,33.62
7/8/2014,5.1432,6.6016,1.4584,33.17
7/9/2014,5.1926,6.8299,1.6373,33.2
7/10/2014,4.9871,6.7838,1.7967,33
7/11/2014,5.1137,6.7014,1.5877,32.92
7/14/2014,5.0152,6.5966,1.5814,32.93
7/15/2014,5.047,6.5783,1.5313,33.3
7/16/2014,4.9932,6.8563,1.8631,32.75
7/17/2014,5.009,6.1873,1.1782,32.12
7/18/2014,5.0999,6.4583,1.3584,32.39
7/21/2014,4.9121,6.4172,1.5051,32.31
7/22/2014,5.1712,6.5943,1.4231,32.26
7/23/2014,5.1949,6.2938,1.0989,32.35
7/24/2014,5.2903,6.5541,1.2638,32.68
7/25/2014,5.4077,6.5506,1.143,32.71
7/28/2014,5.1573,6.5534,1.3962,32.37
7/29/2014,5.3488,6.5377,1.1889,32.32
7/30/2014,5.3426,6.4977,1.1551,32.55
7/31/2014,4.9769,6.2472,1.2703,31.96
8/1/2014,4.758,5.799,1.041,31.49
8/4/2014,4.914,5.8651,0.9511,31.51
8/5/2014,4.85,5.7759,0.926,31.32
8/6/2014,4.9766,5.7035,0.7269,31.48
8/7/2014,4.8603,5.7438,0.8834,31.24
8/8/2014,4.8491,5.7454,0.8963,31.45
8/11/2014,4.8592,5.7581,0.8989,31.51
8/12/2014,4.9485,5.9477,0.9992,31.45
8/13/2014,5.0819,6.1374,1.0555,31.68
8/14/2014,5.2511,6.3234,1.0723,31.69
8/15/2014,5.2988,6.2924,0.9936,31.6
8/18/2014,5.1335,6.801,1.6675,32.04
8/19/2014,5.2961,6.9129,1.6169,32.05
8/20/2014,5.3707,6.9252,1.5545,32.07
8/21/2014,5.228,7.7391,2.5111,32.49
8/22/2014,5.3596,7.1332,1.7736,32.47
8/25/2014,5.4119,7.2953,1.8835,32.63
8/26/2014,5.3976,7.1239,1.7263,32.8
8/27/2014,5.4468,6.9698,1.523,32.58
8/28/2014,5.2624,6.9389,1.6766,32.45
8/29/2014,5.2973,6.8651,1.5678,32.63
9/2/2014,5.3823,6.9075,1.5252,32.88
9/3/2014,5.4382,7.013,1.5748,32.76
9/4/2014,5.3732,6.8015,1.4283,32.79
9/5/2014,5.489,6.929,1.44,32.83
9/8/2014,5.4542,6.8857,1.4316,32.91
9/9/2014,5.3141,6.8097,1.4955,32.61
9/10/2014,5.3076,6.7496,1.4421,32.97
9/11/2014,5.3937,6.7024,1.3087,33.16
9/12/2014,5.3715,6.9037,1.5323,33.31
9/15/2014,5.198,6.5322,1.3342,33.15
9/16/2014,5.2103,6.5306,1.3203,33
9/17/2014,5.2845,6.4313,1.1468,33.16
9/18/2014,5.3467,6.6102,1.2634,33.58
9/19/2014,5.2027,6.8235,1.6208,33.25
9/22/2014,5.2611,6.7204,1.4593,32.85
9/23/2014,5.1599,6.5499,1.3899,32.46
9/24/2014,5.1892,6.4501,1.2609,32.5
9/25/2014,5.006,6.3414,1.3355,32.05
9/26/2014,4.9764,6.3494,1.3729,32.18
9/29/2014,4.9434,6.186,1.2426,32.08
9/30/2014,4.9718,6.1384,1.1667,31.91
10/1/2014,4.7405,5.9328,1.1922,31.56
10/2/2014,4.7891,5.9803,1.1913,31.69
10/3/2014,4.9403,6.1521,1.2118,32.02
10/6/2014,4.8724,6.1485,1.2761,31.75
10/7/2014,4.7518,5.7133,0.9615,31.23
10/8/2014,4.7472,5.8088,1.0616,31.78
10/9/2014,4.6684,5.566,0.8976,30.97
10/10/2014,4.4329,5.3332,0.9003,30.69
10/13/2014,4.2938,5.1032,0.8094,30.66
10/14/2014,4.3762,5.0245,0.6482,30.82
10/15/2014,3.9388,4.3268,0.388,30.05
10/16/2014,4.0551,4.3117,0.2566,30.44
10/17/2014,4.3075,5.0457,0.7382,30.54
10/20/2014,4.3112,5.3463,1.0351,30.67
10/21/2014,4.6469,5.7327,1.0858,31.3
10/22/2014,4.6473,5.5697,0.9224,31.05
10/23/2014,4.6839,5.7215,1.0376,31.23
10/24/2014,4.7018,5.807,1.1052,31.32
10/27/2014,4.7252,5.7486,1.0235,31.45
10/28/2014,5.0101,5.9537,0.9437,32.09
10/29/2014,4.9398,5.794,0.8543,32.44
10/30/2014,5.1279,6.1126,0.9847,32.55
10/31/2014,5.2865,6.306,1.0195,33.06
11/3/2014,5.1094,6.1439,1.0346,32.96
11/4/2014,5.0209,6.1352,1.1143,32.81
11/5/2014,5.0208,6.1906,1.1698,33.04
11/6/2014,5.2475,6.263,1.0155,33.28
11/7/2014,5.2025,6.3139,1.1114,33.35
11/10/2014,5.21,6.2289,1.0189,33.52
11/11/2014,5.226,6.5108,1.2848,33.52
11/12/2014,5.3268,7.1364,1.8096,33.91
11/13/2014,5.3343,6.4399,1.1056,33.61
11/14/2014,5.2013,6.4988,1.2975,33.44
11/17/2014,5.2729,6.468,1.195,33.38
11/18/2014,5.4829,6.5499,1.067,33.45
11/19/2014,5.2108,5.9766,0.7658,33.22
11/20/2014,5.412,6.2696,0.8576,33.46
11/21/2014,5.5031,5.5916,0.0886,33.29
11/24/2014,5.282,6.6043,1.3223,33.59
11/25/2014,5.3481,5.9265,0.5783,33.62
11/26/2014,5.4483,6.6992,1.2508,33.7
11/28/2014,5.2435,6.505,1.2615,33.15
12/1/2014,5.0823,5.9882,0.9059,32.57
12/2/2014,5.11,6.5054,1.3954,32.89
12/3/2014,5.1542,6.0921,0.9379,33.23
12/4/2014,5.2006,6.5498,1.3492,33.2
12/5/2014,5.2925,6.4794,1.1869,33.77
12/8/2014,5.1617,6.263,1.1013,33.7
12/9/2014,5.2543,6.6485,1.3942,33.9
12/10/2014,4.8287,5.2793,0.4506,32.96
12/11/2014,4.632,5.5852,0.9531,33.06
12/12/2014,4.3148,4.8498,0.535,32.58
12/15/2014,4.3585,4.9614,0.6029,32.34
12/16/2014,4.2253,4.7252,0.4999,32.24
12/17/2014,4.4152,5.0561,0.6409,32.98
12/18/2014,4.5588,4.5571,-0.0017,33.6
12/19/2014,4.6398,4.897,0.2572,33.39
12/22/2014,4.6063,5.453,0.8467,33.36
12/23/2014,4.7577,4.6466,-0.1111,33.67
12/24/2014,4.7926,4.8611,0.0685,33.62
12/26/2014,4.6719,5.8153,1.1434,33.64
12/29/2014,4.7393,5.6758,0.9365,33.92
12/30/2014,4.701,5.5571,0.8561,33.83
12/31/2014,4.5883,5.5335,0.9451,33.55
1/2/2015,4.4746,4.8689,0.3942,33.29
1/5/2015,4.2834,5.0179,0.7345,32.4
1/6/2015,4.0538,4.3331,0.2793,31.56
1/7/2015,4.1625,4.8853,0.7228,31.76
1/8/2015,4.3081,5.3021,0.994,32.32
1/9/2015,4.1305,5.4248,1.2943,31.51
1/12/2015,4.0828,4.7152,0.6323,31.12
1/13/2015,4.0784,4.5775,0.499,30.9
1/14/2015,3.956,4.3004,0.3445,30.43
1/15/2015,3.9163,4.2715,0.3552,29.99
1/16/2015,4.0028,4.3634,0.3606,30.45
1/20/2015,3.9281,4.3362,0.408,30.22
1/21/2015,4.1518,4.4694,0.3175,30.22
1/22/2015,4.5356,5.2886,0.753,31.53
1/23/2015,4.4373,5.0731,0.6358,31.12
1/26/2015,4.5981,5.2029,0.6048,31.46
1/27/2015,4.5058,5.2225,0.7167,31.13
1/28/2015,4.4031,4.7175,0.3144,30.31
1/29/2015,4.4296,4.9159,0.4863,30.71
1/30/2015,4.3075,4.8051,0.4976,30.33
2/2/2015,4.3892,4.7939,0.4046,31.14
2/3/2015,4.5761,4.9775,0.4014,31.84
2/4/2015,4.57,5.0468,0.4768,31.67
2/5/2015,4.5885,5.2923,0.7037,32.26
2/6/2015,4.717,5.4007,0.6838,32.81
2/9/2015,4.5652,5.181,0.6158,32.52
2/10/2015,4.6515,5.2372,0.5857,32.72
2/11/2015,4.6671,5.4402,0.7731,32.56
2/12/2015,4.7907,5.6135,0.8228,33.16
2/13/2015,4.7968,5.7835,0.9866,33.26
2/17/2015,4.7409,5.8698,1.1289,33.48
2/18/2015,4.5613,5.8196,1.2583,32.92
2/19/2015,4.6572,5.7539,1.0967,32.89
2/20/2015,4.7588,6.0307,1.2719,33.17
2/23/2015,4.7418,5.6252,0.8833,33.09
2/24/2015,4.8454,5.9354,1.09,33.28
2/25/2015,4.8797,5.9499,1.0702,33.21
2/26/2015,4.9643,6.0133,1.049,33.31
2/27/2015,4.753,5.9175,1.1645,33.09
3/2/2015,4.9182,6.062,1.1437,33.38
3/3/2015,4.8806,6.0013,1.1207,33.32
3/4/2015,4.8483,5.788,0.9397,33.15
3/5/2015,4.8864,5.8903,1.004,33.29
3/6/2015,4.8061,5.9261,1.12,33.5
3/9/2015,4.8192,5.9871,1.168,33.73
3/10/2015,4.5687,5.6355,1.0669,33.04
3/11/2015,4.6492,5.6431,0.9939,33.35
3/12/2015,4.7708,6.1497,1.3789,34.15
3/13/2015,4.6385,5.8045,1.166,33.93
3/16/2015,4.661,5.7224,1.0613,33.99
3/17/2015,4.6654,5.8293,1.1639,34.14
3/18/2015,4.6219,5.908,1.2861,33.92
3/19/2015,4.6217,5.8682,1.2464,33.64
3/20/2015,4.6342,6.3393,1.7051,34.01
3/23/2015,4.667,5.9499,1.2829,33.76
3/24/2015,4.8246,5.9088,1.0842,33.6
3/25/2015,4.6269,5.5279,0.901,33.03
3/26/2015,4.6479,5.8133,1.1653,33.13
3/27/2015,4.5299,5.5551,1.0252,33.06
3/30/2015,4.6319,5.9445,1.3126,33.6
3/31/2015,4.5835,5.6883,1.1048,33.51
4/1/2015,4.4364,5.8041,1.3677,33.44
4/2/2015,4.7266,5.914,1.1874,33.63
4/6/2015,4.5184,5.8824,1.3641,33.54
4/7/2015,4.5273,5.9236,1.3962,33.57
4/8/2015,4.5596,5.8988,1.3392,33.59
4/9/2015,4.6067,5.9891,1.3824,33.61
4/10/2015,4.634,6.1516,1.5177,33.65
4/13/2015,4.6295,6.2912,1.6617,33.94
4/14/2015,4.5971,6.0406,1.4435,33.79
4/15/2015,4.7643,6.4892,1.7248,34.19
4/16/2015,4.8285,6.4829,1.6544,34.16
4/17/2015,4.7939,6.1183,1.3245,33.67
4/20/2015,4.8676,6.0748,1.2072,33.91
4/21/2015,5.0192,6.3403,1.3211,33.92
4/22/2015,5.0011,6.2941,1.293,34.14
4/23/2015,5.0496,6.2304,1.1808,34.06
4/24/2015,5.1385,6.3612,1.2228,33.82
4/27/2015,5.1842,6.2582,1.074,33.57
4/28/2015,5.204,6.3663,1.1623,33.97
4/29/2015,5.2413,6.6655,1.4243,34.17
4/30/2015,5.0706,6.338,1.2674,33.91
5/1/2015,5.0922,6.1905,1.0983,33.81
5/4/2015,5.1523,6.3402,1.1879,34.25
5/5/2015,5.0284,6.2573,1.2289,34.08
5/6/2015,5.0915,6.2059,1.1144,34.25
5/7/2015,4.958,6.2615,1.3035,34.14
5/8/2015,5.1701,6.4549,1.2848,34.41
5/11/2015,5.2733,6.4562,1.1829,34.58
5/12/2015,5.1896,6.3857,1.1962,34.68
5/13/2015,5.1994,6.3578,1.1584,34.83
5/14/2015,5.2532,6.6554,1.4022,35
5/15/2015,5.2858,6.4612,1.1754,34.53
5/18/2015,5.1732,6.491,1.3177,35.07
5/19/2015,5.4062,6.5092,1.1031,35.37
5/20/2015,5.1522,6.7213,1.5691,35.18
5/21/2015,5.2379,6.7848,1.5469,35.13
5/22/2015,5.3172,6.7629,1.4457,35.01
5/26/2015,5.107,6.4092,1.3022,34.77
5/27/2015,5.2509,6.4113,1.1604,35.15
5/28/2015,5.2808,6.5534,1.2726,35.16
5/29/2015,5.1468,6.418,1.2712,34.89
6/1/2015,5.0855,6.3673,1.2818,34.75
6/2/2015,5.2584,6.2083,0.9499,35.15
6/3/2015,5.3856,6.6931,1.3075,35.66
6/4/2015,5.0688,6.5029,1.4341,35.39
6/5/2015,5.0745,6.5346,1.4601,35.99
6/8/2015,5.1486,6.4313,1.2826,36.01
6/9/2015,5.0679,6.2732,1.2054,36.34
6/10/2015,5.1613,6.6456,1.4843,36.84
6/11/2015,5.173,6.8854,1.7124,36.82
6/12/2015,5.1422,6.803,1.6608,36.78
6/15/2015,4.9604,6.5432,1.5827,36.69
6/16/2015,5.0251,6.7303,1.7052,37.03
6/17/2015,4.9866,6.5695,1.5829,36.51
6/18/2015,5.0818,6.6502,1.5683,36.73
6/19/2015,5.1288,6.8663,1.7375,36.38
6/22/2015,5.2186,6.8091,1.5905,36.87
6/23/2015,5.3424,7.3456,2.0032,37.2
6/24/2015,5.3121,6.8155,1.5034,36.94
6/25/2015,5.2392,6.7951,1.5559,36.91
6/26/2015,5.201,6.6653,1.4643,37.08
6/29/2015,4.8165,5.8591,1.0426,36.14
6/30/2015,4.8706,5.8302,0.9596,36.26
7/1/2015,4.9284,5.8834,0.9551,36.7
7/2/2015,4.8611,5.7089,0.8478,36.24
7/6/2015,4.8914,5.5399,0.6484,36.14
7/7/2015,4.6417,5.2115,0.5698,35.73
7/8/2015,4.5701,5.3689,0.7988,35.28
7/9/2015,4.6553,5.5506,0.8953,35.74
7/10/2015,4.6061,5.7089,1.1028,36.16
7/13/2015,4.9554,5.819,0.8636,36.48
7/14/2015,4.9265,6.0059,1.0794,36.59
7/15/2015,4.9335,6.5822,1.6487,36.8
7/16/2015,5.1626,6.7718,1.6092,36.95
7/17/2015,5.0547,6.6816,1.6269,36.57
7/20/2015,5.1411,6.6693,1.5281,36.77
7/21/2015,5.0076,6.5315,1.524,36.63
7/22/2015,5.1463,6.6374,1.4912,37.06
7/23/2015,5.1043,6.572,1.4677,36.65
7/24/2015,4.8578,6.6276,1.7699,36.32
7/27/2015,4.91,6.0675,1.1575,35.92
7/28/2015,5.0225,6.1834,1.1609,35.98
7/29/2015,5.0732,6.478,1.4048,36.15
7/30/2015,5.2077,6.4382,1.2305,36.28
7/31/2015,5.1535,6.6798,1.5263,36.13
8/3/2015,5.1172,6.3913,1.2741,36.1
8/4/2015,5.1492,6.6448,1.4956,36.2
8/5/2015,5.368,6.7039,1.336,36.45
8/6/2015,5.0111,6.69,1.6789,36.23
8/7/2015,5.0433,6.4602,1.4169,36.07
8/10/2015,5.0843,6.4651,1.3808,36.69
8/11/2015,4.9382,6.2223,1.2841,36.13
8/12/2015,4.8404,5.9766,1.1361,35.46
8/13/2015,5.1347,5.9646,0.8298,35.65
8/14/2015,4.8684,6.0477,1.1793,36.07
8/17/2015,4.9931,6.0764,1.0833,36.08
8/18/2015,5.0396,5.7379,0.6983,36.04
8/19/2015,4.8311,5.9612,1.1301,35.53
8/20/2015,4.4799,5.4839,1.004,34.52
8/21/2015,4.0595,4.9612,0.9017,33.88
8/24/2015,3.4987,3.3845,-0.1142,32.17
8/25/2015,3.6184,3.6275,0.0091,31.61
8/26/2015,3.732,3.9121,0.1801,32.8
8/27/2015,3.9742,4.2066,0.2324,33.62
8/28/2015,3.8946,4.3298,0.4352,33.67
8/31/2015,3.8301,4.325,0.4949,33.8
9/1/2015,3.3184,3.4436,0.1252,32.39
9/2/2015,3.5731,3.7499,0.1769,32.93
9/3/2015,3.6969,4.1981,0.5013,33.24
9/4/2015,3.5924,3.8285,0.2361,32.91
9/8/2015,3.7981,4.0392,0.2411,33.79
9/9/2015,3.8897,4.3311,0.4414,33.46
9/10/2015,3.9127,4.3691,0.4564,33.74
9/11/2015,3.8287,4.3383,0.5096,33.74
9/14/2015,3.9266,4.4445,0.5179,33.83
9/15/2015,3.9785,4.688,0.7095,34.27
9/16/2015,4.0667,4.8714,0.8047,34.4
9/17/2015,3.9511,4.6349,0.6838,33.62
9/18/2015,3.8453,4.5459,0.7005,32.68
9/21/2015,4.1603,4.7539,0.5935,33.11
9/22/2015,4.0961,4.5334,0.4373,32.75
9/23/2015,4.0921,4.5557,0.4636,32.93
9/24/2015,3.9788,4.3718,0.3929,33.04
9/25/2015,4.0503,4.6514,0.6011,33.37
9/28/2015,3.8326,4.1634,0.3307,32.75
9/29/2015,3.907,4.268,0.361,32.78
9/30/2015,3.9856,4.3127,0.3272,33.24
10/1/2015,4.0142,4.546,0.5318,33.26
10/2/2015,3.9262,4.4695,0.5433,32.93
10/5/2015,4.1026,4.5666,0.4639,33.65
10/6/2015,4.1991,4.8755,0.6764,33.64
10/7/2015,4.1985,4.9328,0.7343,34.11
10/8/2015,4.3478,5.0571,0.7093,34.39
10/9/2015,4.2377,5.1026,0.8649,33.98
10/12/2015,4.1629,5.0704,0.9075,34.22
10/13/2015,4.2086,4.9366,0.728,33.97
10/14/2015,4.1254,4.8049,0.6796,33.11
10/15/2015,4.2427,4.7984,0.5557,33.7
10/16/2015,4.3095,4.9998,0.6903,33.67
10/19/2015,4.1912,4.9019,0.7107,33.67
10/20/2015,4.4358,5.1656,0.7297,34.04
10/21/2015,4.3437,5.2158,0.8722,33.48
10/22/2015,4.487,5.1934,0.7063,34.08
10/23/2015,4.5125,5.462,0.9495,34.75
10/26/2015,4.5834,5.1311,0.5477,34.58
10/27/2015,4.5244,5.1902,0.6658,34.21
10/28/2015,4.6125,5.327,0.7145,35.46
10/29/2015,4.6105,5.4738,0.8633,35.13
10/30/2015,4.4642,5.2524,0.7882,34.49
11/2/2015,4.5394,5.1049,0.5655,35.03
11/3/2015,4.6559,5.1502,0.4943,35.08
11/4/2015,4.5125,5.0278,0.5153,35.11
11/5/2015,4.5539,4.9656,0.4117,35.6
11/6/2015,4.6573,5.2792,0.6219,36.59
11/9/2015,4.466,5.1978,0.7317,36.37
11/10/2015,4.442,5.1123,0.6703,36.39
11/11/2015,4.5474,5.166,0.6186,36.13
11/12/2015,4.4147,4.8726,0.4579,35.4
11/13/2015,4.1907,4.7202,0.5295,35
11/16/2015,4.1254,4.6587,0.5332,35.43
11/17/2015,4.1754,4.7207,0.5453,35.51
11/18/2015,4.3216,4.5977,0.2761,36.1
11/19/2015,4.4044,4.8987,0.4944,36
11/20/2015,4.4478,5.1428,0.695,36.13
11/23/2015,4.4195,5.1876,0.7681,36.17
11/24/2015,4.5665,5.3023,0.7358,36.32
11/25/2015,4.5791,5.3655,0.7864,36.34
11/27/2015,4.5832,5.3144,0.7312,36.39
11/30/2015,4.5733,5.2554,0.6821,36.38
12/1/2015,4.5732,5.4422,0.869,36.57
12/2/2015,4.5149,5.2328,0.7178,35.97
12/3/2015,4.3565,4.9822,0.6257,35.44
12/4/2015,4.5477,5.2063,0.6586,36.23
12/7/2015,4.3691,5.0771,0.708,35.54
12/8/2015,4.2916,4.8263,0.5347,34.88
12/9/2015,4.1009,4.7058,0.605,34.36
12/10/2015,4.182,4.6915,0.5095,34.55
12/11/2015,3.839,4.3075,0.4685,33.76
12/14/2015,3.6408,4.1857,0.5449,33.64
12/15/2015,3.9262,4.4507,0.5245,34.54
12/16/2015,4.1749,4.6062,0.4313,34.87
12/17/2015,4.1413,4.6445,0.5032,34.3
12/18/2015,4.1278,4.4994,0.3717,33.43
12/21/2015,4.0489,4.6628,0.6139,33.62
12/22/2015,4.2187,4.7158,0.4971,33.78
12/23/2015,4.3225,4.7773,0.4548,34.3
12/24/2015,4.4257,5.0009,0.5752,34.36
12/28/2015,4.362,4.8861,0.5241,34.24
12/29/2015,4.4369,5.0076,0.5707,34.56
12/30/2015,4.363,5.0839,0.7208,34.17
12/31/2015,4.341,4.8629,0.522,33.82
1/4/2016,3.9551,4.4246,0.4694,33.05
1/5/2016,4.0758,4.5708,0.495,32.99
1/6/2016,3.9133,4.4521,0.5387,32.51
1/7/2016,3.732,4.0531,0.321,31.51
1/8/2016,3.712,4.1511,0.4391,30.87
1/11/2016,3.6292,4.0012,0.372,30.85
1/12/2016,3.7492,4.1004,0.3511,30.95
1/13/2016,3.4355,3.5048,0.0693,29.89
1/14/2016,3.5114,4.0199,0.5085,30.23
1/15/2016,3.2544,3.6359,0.3815,29.54
1/19/2016,3.3975,3.5254,0.128,29.24
1/20/2016,3.3015,3.4242,0.1227,28.89
1/21/2016,3.4045,3.5264,0.1219,28.37
1/22/2016,3.6088,3.6293,0.0205,28.77
1/25/2016,3.4846,3.6602,0.1756,27.63
1/26/2016,3.5237,3.7613,0.2376,28.39
1/27/2016,3.5169,3.8608,0.3438,28.66
1/28/2016,3.6012,3.8497,0.2485,28.97
1/29/2016,3.6874,3.9864,0.299,29.56
2/1/2016,3.672,3.9269,0.2549,29.37
2/2/2016,3.4717,3.8238,0.3521,28.49
2/3/2016,3.4126,3.6258,0.2132,28.65
2/4/2016,3.5468,3.8477,0.3009,29
2/5/2016,3.4033,3.6885,0.2852,28.59
2/8/2016,3.0453,3.3404,0.2952,27.7
2/9/2016,2.9638,2.9426,-0.0211,27.75
2/10/2016,2.9941,2.9583,-0.0358,27.53
2/11/2016,2.8058,2.6529,-0.1529,26.52
2/12/2016,2.892,2.8697,-0.0222,27.8
2/16/2016,3.1776,2.9601,-0.2175,28.56
2/17/2016,3.3018,3.0156,-0.2862,28.71
2/18/2016,3.2353,3.1076,-0.1276,28.22
2/19/2016,3.3176,3.1625,-0.1551,28.37
2/22/2016,3.3922,3.2642,-0.128,28.89
2/23/2016,3.4019,3.345,-0.0569,28.15
2/24/2016,3.3158,3.2515,-0.0642,28.01
2/25/2016,3.4322,3.4078,-0.0244,28.4
2/26/2016,3.4587,3.5099,0.0511,28.97
2/29/2016,3.3753,3.4699,0.0946,28.32
3/1/2016,3.5403,3.5121,-0.0283,29.54
3/2/2016,3.7378,3.8934,0.1556,30.09
3/3/2016,3.6672,3.842,0.1748,30.57
3/4/2016,3.7925,3.9532,0.1607,30.95
3/7/2016,3.7619,3.9353,0.1734,30.91
3/8/2016,3.4783,3.6713,0.193,30.13
3/9/2016,3.5824,3.7286,0.1462,29.88
3/10/2016,3.6419,3.7135,0.0717,30.12
3/11/2016,3.8312,4.0607,0.2295,30.99
3/14/2016,3.8224,4.1275,0.3052,30.87
3/15/2016,3.738,4.1342,0.3963,30.65
3/16/2016,3.7047,4.1341,0.4294,30.43
3/17/2016,3.904,4.1169,0.2129,30.73
3/18/2016,3.8867,4.285,0.3983,31.04
3/21/2016,3.804,4.2476,0.4436,31.04
3/22/2016,3.9951,3.9197,-0.0755,30.97
3/23/2016,3.9268,4.2805,0.3537,30.57
3/24/2016,3.8663,4.1638,0.2975,30.43
3/28/2016,3.9206,4.1451,0.2246,30.36
3/29/2016,3.9308,4.254,0.3232,30.32
3/30/2016,4.0082,4.4023,0.3941,30.6
3/31/2016,4.0208,4.3131,0.2923,30.37
4/1/2016,3.9942,4.4037,0.4096,30.48
4/4/2016,3.9703,4.2264,0.2561,30.4
4/5/2016,3.8874,4.3766,0.4892,29.78
4/6/2016,3.7716,4.3701,0.5986,30.05
4/7/2016,3.646,4.0424,0.3964,29.26
4/8/2016,3.7569,4.1887,0.4318,29.46
4/11/2016,3.7699,4.268,0.4981,29.62
4/12/2016,3.7822,4.2559,0.4736,30.23
4/13/2016,3.9497,4.4365,0.4869,31.36
4/14/2016,4.0942,4.5648,0.4706,31.64
4/15/2016,4.0073,4.5133,0.506,31.58
4/18/2016,4.0361,4.4075,0.3714,31.8
4/19/2016,4.2797,4.5289,0.2492,32.21
4/20/2016,4.3092,4.6207,0.3115,32.68
4/21/2016,4.3073,4.642,0.3347,32.52
4/22/2016,4.3315,4.5705,0.239,32.82
4/25/2016,4.3393,4.5159,0.1767,32.63
4/26/2016,4.3586,4.5171,0.1585,32.99
4/27/2016,4.3931,4.5785,0.1854,33.02
4/28/2016,4.3777,4.5764,0.1987,32.65
4/29/2016,4.1879,4.4069,0.219,32.45
5/2/2016,4.2059,4.3922,0.1862,32.66
5/3/2016,4.0741,4.263,0.1889,31.92
5/4/2016,3.8816,4.2593,0.3777,31.27
5/5/2016,3.7962,4.2014,0.4051,31.11
5/6/2016,4.0112,4.1881,0.1769,31.23
5/9/2016,4.028,4.2148,0.1867,31.15
5/10/2016,4.0498,4.3138,0.2641,31.73
5/11/2016,4.1184,4.3064,0.188,31.62
5/12/2016,4.0678,4.295,0.2272,31.39
5/13/2016,3.9263,4.2399,0.3136,30.89
5/16/2016,3.9156,4.1984,0.2827,31.25
5/17/2016,3.9682,4.2193,0.2511,31.11
5/18/2016,4.0146,4.2364,0.2217,32.4
5/19/2016,3.9566,4.1831,0.2265,32.06
5/20/2016,4.0895,4.2418,0.1522,32.34
5/23/2016,4.1556,4.4206,0.265,32.26
5/24/2016,4.1816,4.5839,0.4024,32.85
5/25/2016,4.3457,4.7957,0.45,33.39
5/26/2016,4.2236,4.7123,0.4888,33.15
5/27/2016,4.1965,4.6521,0.4556,33.48
5/31/2016,4.2518,4.7084,0.4566,33.44
6/1/2016,4.2395,4.6915,0.4521,33.52
6/2/2016,4.3879,4.8606,0.4727,33.64
6/3/2016,4.2064,4.6515,0.4452,32.94
6/6/2016,4.331,4.7045,0.3736,33.38
6/7/2016,4.2442,4.7228,0.4786,33.16
6/8/2016,4.287,4.6642,0.3771,33.23
6/9/2016,4.244,4.6073,0.3632,32.77
6/10/2016,3.9632,4.4351,0.4719,32.24
6/13/2016,3.8637,3.9675,0.1038,31.82
6/14/2016,3.5969,3.8199,0.223,31.11
6/15/2016,3.6119,3.9126,0.3007,31.28
6/16/2016,3.6115,3.7574,0.1458,30.86
6/17/2016,3.7662,3.8082,0.042,30.93
6/20/2016,3.8775,3.9972,0.1198,31.17
6/21/2016,4.0195,3.9285,-0.091,31.29
6/22/2016,3.8589,3.949,0.0901,31.27
6/23/2016,4.0619,4.1358,0.0738,32.2
6/24/2016,3.4967,3.7811,0.2844,29.87
6/27/2016,3.1389,3.4362,0.2972,28.19
6/28/2016,3.5122,3.6683,0.1562,29.12
6/29/2016,3.6799,3.8441,0.1642,29.89
6/30/2016,3.7509,3.9168,0.1659,30.48
7/1/2016,3.7418,3.9433,0.2015,30.18
7/5/2016,3.5353,3.8288,0.2935,29.27
7/6/2016,3.5323,3.8571,0.3248,29.5
7/7/2016,3.5291,3.8871,0.358,29.79
7/8/2016,3.7908,3.9901,0.1993,30.33
7/11/2016,3.8748,4.075,0.2002,30.71
7/12/2016,3.9414,4.1308,0.1894,31.37
7/13/2016,3.9273,4.2264,0.2991,31.36
7/14/2016,4.0397,4.3,0.2603,31.86
7/15/2016,4.0669,4.475,0.4082,31.89
7/18/2016,4.0676,4.2669,0.1993,31.78
7/19/2016,4.1932,4.4402,0.247,31.9
7/20/2016,4.2964,4.3119,0.0155,31.76
7/21/2016,4.2123,4.3591,0.1468,31.555
7/22/2016,4.3137,4.2701,-0.0436,31.86
7/25/2016,4.3027,4.1884,-0.1143,31.75
7/26/2016,4.3285,4.192,-0.1365,31.98
7/27/2016,4.3534,4.321,-0.0324,31.93
7/28/2016,4.3297,4.3321,0.0023,31.95
7/29/2016,4.3499,4.3761,0.0261,31.83
8/1/2016,4.2882,4.3029,0.0148,31.53
8/2/2016,4.281,4.2652,-0.0159,31.22
8/3/2016,4.3097,4.2263,-0.0834,31.74
8/4/2016,4.3196,4.2517,-0.0679,31.77
8/5/2016,4.5079,4.5869,0.079,32.79
8/8/2016,4.4623,4.4773,0.0151,32.72
8/9/2016,4.4489,4.5334,0.0844,32.76
8/10/2016,4.4745,4.4787,0.0042,32.35
8/11/2016,4.4052,4.4929,0.0877,32.46
8/12/2016,4.3671,4.4351,0.068,32.33
8/15/2016,4.4972,4.4704,-0.0268,32.8
8/16/2016,4.4957,4.5511,0.0554,32.77
8/17/2016,4.4358,4.5525,0.1167,32.87
8/18/2016,4.4964,4.6439,0.1475,32.97
8/19/2016,4.5585,4.5626,0.0041,33
8/22/2016,4.1947,4.604,0.4093,33.03
8/23/2016,4.4772,4.6695,0.1923,33.1
8/24/2016,4.3904,4.7768,0.3864,33.09
8/25/2016,4.464,4.6308,0.1668,33.19
8/26/2016,4.4725,4.7041,0.2315,33.43
8/29/2016,4.5989,4.8136,0.2146,33.72
8/30/2016,4.5515,4.8242,0.2727,34.1
8/31/2016,4.5747,4.7889,0.2142,34.15
9/1/2016,4.4482,4.7186,0.2704,33.96
9/2/2016,4.6232,4.8142,0.1909,34.23
9/6/2016,4.5616,4.7299,0.1682,33.68
9/7/2016,4.4477,4.7829,0.3351,33.88
9/8/2016,4.5437,4.7189,0.1752,34.01
9/9/2016,4.4253,4.7084,0.2831,33.73
9/12/2016,4.3291,4.6261,0.297,33.94
9/13/2016,4.0956,4.4035,0.3079,33.44
9/14/2016,4.219,4.4191,0.2002,33.2
9/15/2016,4.227,4.3542,0.1272,33.46
9/16/2016,4.2733,4.5414,0.2681,33.02
9/19/2016,4.2895,4.4784,0.1888,33.11
9/20/2016,4.3442,4.8206,0.4763,33.08
9/21/2016,4.2513,4.6144,0.363,33.26
9/22/2016,4.3936,4.8045,0.4109,33.46
9/23/2016,4.4556,5.1686,0.713,33.46
9/26/2016,4.3002,4.5785,0.2783,32.77
9/27/2016,4.2801,4.4129,0.1327,33.05
9/28/2016,4.4261,4.7448,0.3187,33.39
9/29/2016,4.2216,4.5316,0.31,32.9
9/30/2016,4.3249,4.6555,0.3306,33.38
10/3/2016,4.2203,4.7528,0.5325,33.23
10/4/2016,4.2859,4.687,0.4011,33.54
10/5/2016,4.37,4.9922,0.6221,34.17
10/6/2016,4.3986,4.9451,0.5465,34.2
10/7/2016,4.4186,4.9515,0.5329,34.22
10/10/2016,4.412,5.0508,0.6388,34.38
10/11/2016,4.325,4.7773,0.4523,34.01
10/12/2016,4.2826,4.8964,0.6139,33.97
10/13/2016,4.1957,4.435,0.2394,33.22
10/14/2016,4.286,4.6513,0.3653,33.38
10/17/2016,4.1771,4.7176,0.5405,33.21
10/18/2016,4.3516,4.7596,0.408,33.64
10/19/2016,4.4917,5.0587,0.567,34.24
10/20/2016,4.4606,5.0637,0.6031,34.28
10/21/2016,4.563,4.9512,0.3882,34.41
10/24/2016,4.635,5.0727,0.4377,34.67
10/25/2016,4.6608,5.0859,0.425,34.52
10/26/2016,4.695,4.9681,0.2731,34.75
10/27/2016,4.6221,5.0941,0.472,34.91
10/28/2016,4.5027,4.8838,0.3811,34.58
10/31/2016,4.5288,5.0125,0.4837,34.67
11/1/2016,4.4295,4.7614,0.3319,34.59
11/2/2016,4.2315,4.6188,0.3873,34.03
11/3/2016,4.2994,4.6059,0.3065,34.04
11/4/2016,4.3313,4.5575,0.2262,34.09
11/7/2016,4.4656,4.7146,0.2489,35.09
11/8/2016,4.4501,4.8107,0.3606,34.94
11/9/2016,4.5749,4.9847,0.4097,36.74
11/10/2016,4.4359,4.773,0.3371,38.23
11/11/2016,4.4041,4.8083,0.4042,38.94
11/14/2016,4.0339,4.3964,0.3624,40
11/15/2016,4.1899,4.3183,0.1284,40.2
11/16/2016,4.1316,4.2623,0.1307,39.64
11/17/2016,4.0971,4.342,0.2448,40.17
11/18/2016,4.232,4.4255,0.1935,40.41
11/21/2016,4.2017,4.5688,0.3671,40.5
11/22/2016,4.3215,4.5769,0.2554,40.73
11/23/2016,4.3953,4.5934,0.1981,40.95
11/25/2016,4.3099,4.6338,0.3239,41.01
11/28/2016,4.3153,4.6084,0.2931,40.28
11/29/2016,4.3426,4.6236,0.281,40.43
11/30/2016,4.3181,4.696,0.3779,41.15
12/1/2016,4.1606,4.5517,0.391,41.98
12/2/2016,4.2453,4.5793,0.334,41.64
12/5/2016,4.2738,4.6158,0.342,42.16
12/6/2016,4.3146,4.6557,0.3411,42.76
12/7/2016,4.269,4.7382,0.4693,43.32
12/8/2016,4.1015,4.525,0.4235,44.05
12/9/2016,4.1469,4.4938,0.3469,44.11
12/12/2016,4.0404,4.3857,0.3454,43.4
12/13/2016,4.051,4.445,0.3941,43.46
12/14/2016,4.0482,4.4451,0.3969,43.27
12/15/2016,4.1516,4.5174,0.3657,43.84
12/16/2016,4.2325,4.5646,0.3322,43.16
12/19/2016,4.3099,4.6788,0.3689,43.41
12/20/2016,4.3009,4.7122,0.4114,44.03
12/21/2016,4.3163,4.7655,0.4492,43.89
12/22/2016,4.2573,4.6623,0.4049,43.95
12/23/2016,4.2292,4.7197,0.4905,43.98
12/27/2016,4.24,4.6143,0.3743,44.16
12/28/2016,4.2127,4.6277,0.415,43.75
12/29/2016,4.1642,4.5459,0.3818,43.38
12/30/2016,4.1376,4.5482,0.4106,43.47
1/3/2017,4.1258,4.5753,0.4494,43.67
1/4/2017,4.2185,4.6078,0.3892,44.31
1/5/2017,4.1788,4.5881,0.4092,43.65
1/6/2017,4.2461,4.7001,0.454,43.77
1/9/2017,4.165,4.5399,0.3749,43.36
1/10/2017,4.1808,4.6342,0.4534,43.74
1/11/2017,4.2341,4.6405,0.4063,43.96
1/12/2017,4.1486,4.6438,0.4952,43.38
1/13/2017,4.2595,4.6619,0.4024,43.86
1/17/2017,4.0815,4.5505,0.469,42.38
1/18/2017,4.2876,4.5418,0.2542,42.75
1/19/2017,4.2508,4.7471,0.4963,42.5
1/20/2017,4.3871,4.8282,0.4411,42.87
1/23/2017,4.3513,4.8111,0.4598,42.65
1/24/2017,4.4867,4.8943,0.4076,43.38
1/25/2017,4.5899,4.9218,0.3319,44.15
1/26/2017,4.605,4.8985,0.2935,44.49
1/27/2017,4.6146,4.8909,0.2763,44.12
1/30/2017,4.5157,4.7085,0.1929,43.61
1/31/2017,4.5321,4.7385,0.2064,43.44
2/1/2017,4.5251,4.7068,0.1817,43.5
2/2/2017,4.4842,4.7203,0.2361,43.03
2/3/2017,4.6242,4.7707,0.1465,44.12
2/6/2017,4.5894,4.78,0.1907,43.87
2/7/2017,4.5176,4.7888,0.2712,43.71
2/8/2017,4.5431,4.7003,0.1573,43.27
2/9/2017,4.6091,4.6556,0.0465,43.91
2/10/2017,4.6672,4.8044,0.1372,44.14
2/13/2017,4.6775,4.7906,0.1131,44.61
2/14/2017,4.7183,4.8483,0.13,45.32
2/15/2017,4.7081,4.8331,0.125,45.62
2/16/2017,4.7483,4.9184,0.1702,45.47
2/17/2017,4.7198,4.8906,0.1708,45.32
2/21/2017,4.6445,4.8633,0.2189,45.48
2/22/2017,4.5978,4.7943,0.1965,45.48
2/23/2017,4.602,4.766,0.1641,45.45
2/24/2017,4.5847,4.8891,0.3044,45.17
2/27/2017,4.5749,4.8098,0.2349,45.4
2/28/2017,4.5289,4.6839,0.155,45.13
3/1/2017,4.631,4.8077,0.1767,46.56
3/2/2017,4.5322,4.7559,0.2237,45.48
3/3/2017,4.565,4.7814,0.2164,45.7
3/6/2017,4.5286,4.7234,0.1948,45.48
3/7/2017,4.5574,4.6895,0.1321,45.23
3/8/2017,4.5027,4.6884,0.1858,45.06
3/9/2017,4.493,4.7003,0.2073,45.09
3/10/2017,4.5576,4.6974,0.1398,44.93
3/13/2017,4.5216,4.6673,0.1457,45.01
3/14/2017,4.5376,4.684,0.1464,44.91
3/15/2017,4.5168,4.6918,0.175,44.61
3/16/2017,4.6269,4.8919,0.2649,44.9
3/20/2017,4.6064,5.1252,0.5188,43.9372
3/21/2017,4.2787,4.8321,0.5534,41.84
3/22/2017,4.3011,4.6562,0.3551,41.67
3/23/2017,4.3064,4.637,0.3306,41.96
3/24/2017,4.3337,4.576,0.2423,42.01
3/27/2017,4.3336,4.5715,0.2379,41.79
3/28/2017,4.4335,4.6591,0.2255,42.42
3/29/2017,4.4405,4.7479,0.3074,42.28
3/30/2017,4.5125,4.8673,0.3548,43.38
3/31/2017,4.5005,4.8331,0.3325,42.98
4/3/2017,4.4389,4.7601,0.3212,42.72
4/4/2017,4.4432,4.7179,0.2747,42.73
4/5/2017,4.377,4.7575,0.3805,42.04
4/6/2017,4.4362,4.7612,0.325,42.5
4/7/2017,4.37,4.7091,0.339,42.38
4/10/2017,4.3708,4.6814,0.3105,42.18
4/11/2017,4.3109,4.6047,0.2938,42.37
4/12/2017,4.2835,4.652,0.3685,41.86
4/13/2017,4.2358,4.6169,0.3811,41.01
4/17/2017,4.2816,4.6678,0.3862,41.73
4/18/2017,4.2645,4.6341,0.3696,41.53
4/19/2017,4.3083,4.7121,0.4038,41.74
4/20/2017,4.4317,4.7302,0.2984,42.49
4/21/2017,4.3902,4.7927,0.4025,42.36
4/24/2017,4.7014,5.1384,0.437,43.23
4/25/2017,4.7142,5.1016,0.3874,43.41
4/26/2017,4.7479,5.1019,0.3539,43.74
4/27/2017,4.7331,5.1462,0.4131,43.22
4/28/2017,4.6967,5.2224,0.5257,42.62
5/1/2017,4.7385,5.1929,0.4545,42.93
5/2/2017,4.7616,5.0841,0.3225,42.7
5/3/2017,4.7163,5.111,0.3947,43.02
5/4/2017,4.7863,5.2537,0.4674,43.15
5/5/2017,4.8239,5.1674,0.3435,43.07
5/8/2017,4.8261,5.2719,0.4458,43.13
5/9/2017,4.786,5.2782,0.4923,42.93
5/10/2017,4.8423,5.2694,0.4272,43
5/11/2017,4.7568,5.1681,0.4113,42.48
5/12/2017,4.7609,5.091,0.3301,42.32
5/15/2017,4.7635,5.1962,0.4327,42.68
5/16/2017,4.7998,5.2213,0.4215,42.85
5/17/2017,4.4088,4.7331,0.3243,41.15
5/18/2017,4.5048,4.78,0.2752,41.31
5/19/2017,4.5975,5.0335,0.4361,41.52
5/22/2017,4.6019,5.0929,0.491,41.68
5/23/2017,4.6965,5.2456,0.5491,42.24
5/24/2017,4.6774,5.1877,0.5103,42.09
5/25/2017,4.754,5.3105,0.5566,42.01
5/26/2017,4.7269,5.2945,0.5676,41.86
5/30/2017,4.6073,5.1717,0.5644,41.42
5/31/2017,4.5844,5.1464,0.562,41.13
6/1/2017,4.6976,5.3181,0.6205,41.74
6/2/2017,4.6928,5.3232,0.6304,41.4
6/5/2017,4.6682,5.4163,0.748,41.39
6/6/2017,4.6274,5.2405,0.613,41.19
6/7/2017,4.6937,5.3142,0.6205,41.58
6/8/2017,4.7842,5.2699,0.4858,42.66
6/9/2017,4.8018,5.2305,0.4287,43.88
6/12/2017,4.7122,5.1829,0.4708,43.94
6/13/2017,4.7894,5.2387,0.4493,44.1
6/14/2017,4.6805,5.0347,0.3542,44.05
6/15/2017,4.7193,5.1577,0.4385,43.76
6/16/2017,4.7358,5.1587,0.4229,43.49
6/19/2017,4.7107,5.3631,0.6524,43.57
6/20/2017,4.6652,5.3176,0.6524,43.03
6/21/2017,4.6345,5.131,0.4965,42.48
6/22/2017,4.5458,5.0942,0.5484,42.2
6/23/2017,4.5458,5.0654,0.5196,41.92
6/26/2017,4.5989,5.1176,0.5187,42.18
6/27/2017,4.6043,5.0354,0.4312,42.42
6/28/2017,4.6356,5.1029,0.4674,43
6/29/2017,4.6092,5.0841,0.475,43.71
6/30/2017,4.6945,5.277,0.5824,43.52
7/3/2017,4.6945,5.2079,0.5134,44.41
7/5/2017,4.6092,5.1595,0.5503,44.44
7/6/2017,4.5776,5.1314,0.5538,43.95
7/7/2017,4.6556,5.2339,0.5783,44.21
7/10/2017,4.6392,5.2737,0.6345,44.03
7/11/2017,4.6014,5.2293,0.6279,43.88
7/12/2017,4.6438,5.3813,0.7375,43.84
7/13/2017,4.646,5.4423,0.7963,44.01
7/14/2017,4.7351,5.6234,0.8883,43.78
7/17/2017,4.7113,5.7526,1.0413,43.84
7/18/2017,4.7235,5.7067,0.9832,43.68
7/19/2017,4.7905,5.7882,0.9977,43.55
7/20/2017,4.8479,5.9045,1.0566,43.52
7/21/2017,5.1139,6.0106,0.8968,43.2
7/24/2017,4.9514,5.918,0.9666,43.5
7/25/2017,5.0425,6.006,0.9635,44.16
7/26/2017,4.9329,5.7878,0.8549,43.43
7/27/2017,4.9264,5.8953,0.9689,43.36
7/28/2017,5.021,5.8383,0.8173,43.09
7/31/2017,5.0628,6.0203,0.9575,43.34
8/1/2017,5.0963,6.0381,0.9418,43.69
8/2/2017,5.1034,5.998,0.8945,43.72
8/3/2017,5.0264,6.0268,1.0004,43.47
8/4/2017,5.1388,6.122,0.9833,43.82
8/7/2017,5.089,6.0816,0.9925,43.56
8/8/2017,5.0564,5.9481,0.8917,43.66
8/9/2017,4.9815,5.7989,0.8174,43.25
8/10/2017,4.7513,5.4263,0.675,42.11
8/11/2017,4.6941,5.3166,0.6225,41.85
8/14/2017,5.0028,5.6256,0.6228,42.67
8/15/2017,5.0177,5.6778,0.66,42.61
8/16/2017,5.0161,5.5973,0.5812,42.48
